game_id,team_id,player_id,game_tick,game_time,macro_action,success,reason,fsm_state,score,material,goods_total
economy_debug_stage3_180,1,0,1,12,RECRUIT_CAR,True,ok,,0,0,0
economy_debug_stage3_180,1,0,8,356,TEAM_IDLE,True,no_production_needed,,0,0,0
economy_debug_stage3_180,1,0,15,705,TEAM_IDLE,True,no_production_needed,,0,0,0
economy_debug_stage3_180,1,0,22,1057,TEAM_IDLE,True,no_production_needed,,0,0,0
economy_debug_stage3_180,1,0,28,1357,TEAM_IDLE,True,no_production_needed,,0,0,0
economy_debug_stage3_180,1,0,35,1705,TEAM_IDLE,True,no_production_needed,,0,0,0
economy_debug_stage3_180,1,0,41,2005,TEAM_IDLE,True,no_production_needed,,0,0,0
economy_debug_stage3_180,1,0,48,2357,TEAM_IDLE,True,no_production_needed,,0,0,0
economy_debug_stage3_180,1,0,55,2705,PRODUCE_SEMICONDUCTOR,True,ok,,0,102,0
economy_debug_stage3_180,1,0,62,3057,TEAM_IDLE,True,cooldown_active,,0,302,0
economy_debug_stage3_180,1,0,69,3405,TEAM_IDLE,True,cooldown_active,,0,506,0
economy_debug_stage3_180,1,0,75,3705,TEAM_IDLE,True,cooldown_active,,0,692,0
economy_debug_stage3_180,1,0,82,4057,TEAM_IDLE,True,cooldown_active,,0,740,0
economy_debug_stage3_180,1,0,89,4405,TEAM_IDLE,True,cooldown_active,,0,740,0
economy_debug_stage3_180,1,0,96,4757,TEAM_IDLE,True,cooldown_active,,0,740,0
economy_debug_stage3_180,1,0,103,5105,TEAM_IDLE,True,cooldown_active,,0,740,0
economy_debug_stage3_180,1,0,109,5405,TEAM_IDLE,True,factory_busy,,0,740,0
economy_debug_stage3_180,1,0,116,5757,TEAM_IDLE,True,cooldown_active,,0,740,0
economy_debug_stage3_180,1,0,123,6105,TEAM_IDLE,True,cooldown_active,,0,740,0
economy_debug_stage3_180,1,0,129,6405,TEAM_IDLE,True,cooldown_active,,0,740,0
economy_debug_stage3_180,1,0,135,6729,TEAM_IDLE,True,cooldown_active,,0,740,0
economy_debug_stage3_180,1,0,142,7057,TEAM_IDLE,True,cooldown_active,,0,740,0
economy_debug_stage3_180,1,0,149,7405,TEAM_IDLE,True,cooldown_active,,0,740,0
economy_debug_stage3_180,1,0,155,7705,TEAM_IDLE,True,cooldown_active,,0,740,0
economy_debug_stage3_180,1,0,162,8057,PRODUCE_SEMICONDUCTOR,True,ok,,0,740,0
economy_debug_stage3_180,1,0,168,8357,TEAM_IDLE,True,cooldown_active,,0,730,0
economy_debug_stage3_180,1,0,174,8657,TEAM_IDLE,True,cooldown_active,,0,730,0
economy_debug_stage3_180,1,0,181,9005,TEAM_IDLE,True,cooldown_active,,0,730,0
economy_debug_stage3_180,1,0,187,9305,TEAM_IDLE,True,cooldown_active,,0,730,0
economy_debug_stage3_180,1,0,194,9653,TEAM_IDLE,True,cooldown_active,,0,730,0
economy_debug_stage3_180,1,0,200,9957,TEAM_IDLE,True,cooldown_active,,0,730,0
economy_debug_stage3_180,1,0,206,10257,TEAM_IDLE,True,cooldown_active,,0,730,0
economy_debug_stage3_180,1,0,213,10601,TEAM_IDLE,True,factory_busy,,0,730,0
economy_debug_stage3_180,1,0,219,10905,TEAM_IDLE,True,cooldown_active,,0,730,0
economy_debug_stage3_180,1,0,225,11205,TEAM_IDLE,True,cooldown_active,,0,730,0
economy_debug_stage3_180,1,0,231,11505,TEAM_IDLE,True,cooldown_active,,234,730,0
economy_debug_stage3_180,1,0,237,11805,TEAM_IDLE,True,cooldown_active,,234,730,0
economy_debug_stage3_180,1,0,243,12105,TEAM_IDLE,True,cooldown_active,,234,730,0
economy_debug_stage3_180,1,0,250,12457,TEAM_IDLE,True,cooldown_active,,234,730,0
economy_debug_stage3_180,1,0,256,12757,TEAM_IDLE,True,cooldown_active,,234,730,0
economy_debug_stage3_180,1,0,263,13105,PRODUCE_SEMICONDUCTOR,True,ok,,234,730,0
economy_debug_stage3_180,1,0,269,13405,TEAM_IDLE,True,cooldown_active,,234,720,0
economy_debug_stage3_180,1,0,276,13757,TEAM_IDLE,True,cooldown_active,,234,720,0
economy_debug_stage3_180,1,0,283,14105,TEAM_IDLE,True,cooldown_active,,234,720,0
economy_debug_stage3_180,1,0,289,14405,TEAM_IDLE,True,cooldown_active,,234,768,0
economy_debug_stage3_180,1,0,296,14757,TEAM_IDLE,True,cooldown_active,,234,978,0
economy_debug_stage3_180,1,0,302,15057,TEAM_IDLE,True,cooldown_active,,234,1158,0
economy_debug_stage3_180,1,0,308,15357,TEAM_IDLE,True,cooldown_active,,234,1338,0
economy_debug_stage3_180,1,0,315,15705,TEAM_IDLE,True,factory_busy,,234,1470,0
economy_debug_stage3_180,1,0,321,16005,TEAM_IDLE,True,cooldown_active,,234,1470,0
economy_debug_stage3_180,1,0,327,16305,TEAM_IDLE,True,cooldown_active,,234,1470,0
economy_debug_stage3_180,1,0,333,16605,TEAM_IDLE,True,cooldown_active,,234,1470,0
economy_debug_stage3_180,1,0,339,16905,TEAM_IDLE,True,cooldown_active,,234,1470,0
economy_debug_stage3_180,1,0,345,17205,TEAM_IDLE,True,cooldown_active,,234,1470,0
economy_debug_stage3_180,1,0,352,17553,TEAM_IDLE,True,cooldown_active,,234,1470,0
economy_debug_stage3_180,1,0,358,17857,TEAM_IDLE,True,cooldown_active,,234,1470,0
economy_debug_stage3_180,1,0,364,18157,TEAM_IDLE,True,cooldown_active,,234,1470,0
economy_debug_stage3_180,1,0,371,18505,PRODUCE_SEMICONDUCTOR,True,ok,,234,1470,0
economy_debug_stage3_180,1,0,378,18857,TEAM_IDLE,True,cooldown_active,,234,1460,0
economy_debug_stage3_180,1,0,385,19206,TEAM_IDLE,True,cooldown_active,,234,1460,0
economy_debug_stage3_180,1,0,392,19554,TEAM_IDLE,True,cooldown_active,,234,1460,0
economy_debug_stage3_180,1,0,398,19858,TEAM_IDLE,True,cooldown_active,,234,1460,0
economy_debug_stage3_180,1,0,405,20206,TEAM_IDLE,True,cooldown_active,,234,1460,0
economy_debug_stage3_180,1,0,412,20554,TEAM_IDLE,True,cooldown_active,,234,1460,0
economy_debug_stage3_180,1,0,418,20854,TEAM_IDLE,True,cooldown_active,,234,1460,0
economy_debug_stage3_180,1,0,425,21202,TEAM_IDLE,True,factory_busy,,234,1460,0
economy_debug_stage3_180,1,0,431,21506,TEAM_IDLE,True,cooldown_active,,234,1460,0
economy_debug_stage3_180,1,0,438,21854,TEAM_IDLE,True,cooldown_active,,234,1460,0
economy_debug_stage3_180,1,0,445,22202,TEAM_IDLE,True,cooldown_active,,234,1460,0
economy_debug_stage3_180,1,0,451,22506,TEAM_IDLE,True,cooldown_active,,234,1460,0
economy_debug_stage3_180,1,0,458,22854,TEAM_IDLE,True,cooldown_active,,234,1460,0
economy_debug_stage3_180,1,0,465,23202,TEAM_IDLE,True,cooldown_active,,234,1460,0
economy_debug_stage3_180,1,0,471,23506,TEAM_IDLE,True,cooldown_active,,234,1460,0
economy_debug_stage3_180,1,0,478,23854,PRODUCE_SEMICONDUCTOR,True,ok,,234,1460,0
economy_debug_stage3_180,1,0,485,24206,TEAM_IDLE,True,cooldown_active,,234,1450,0
economy_debug_stage3_180,1,0,492,24558,TEAM_IDLE,True,cooldown_active,,234,1450,0
economy_debug_stage3_180,1,0,499,24902,TEAM_IDLE,True,cooldown_active,,234,1450,0
economy_debug_stage3_180,1,0,505,25206,TEAM_IDLE,True,cooldown_active,,468,1450,0
economy_debug_stage3_180,1,0,512,25554,TEAM_IDLE,True,cooldown_active,,468,1450,0
economy_debug_stage3_180,1,0,519,25906,TEAM_IDLE,True,cooldown_active,,468,1450,0
economy_debug_stage3_180,1,0,526,26254,TEAM_IDLE,True,cooldown_active,,468,1450,0
economy_debug_stage3_180,1,0,533,26602,TEAM_IDLE,True,factory_busy,,468,1450,0
economy_debug_stage3_180,1,0,539,26906,TEAM_IDLE,True,cooldown_active,,468,1450,0
economy_debug_stage3_180,1,0,546,27254,TEAM_IDLE,True,cooldown_active,,468,1450,0
economy_debug_stage3_180,1,0,553,27606,TEAM_IDLE,True,cooldown_active,,468,1450,0
economy_debug_stage3_180,1,0,560,27954,TEAM_IDLE,True,cooldown_active,,468,1450,0
economy_debug_stage3_180,1,0,567,28302,TEAM_IDLE,True,cooldown_active,,468,1450,0
economy_debug_stage3_180,1,0,573,28606,TEAM_IDLE,True,cooldown_active,,468,1450,0
economy_debug_stage3_180,1,0,580,28954,TEAM_IDLE,True,cooldown_active,,468,1450,0
economy_debug_stage3_180,1,0,587,29302,PRODUCE_SEMICONDUCTOR,True,ok,,468,1450,0
economy_debug_stage3_180,1,0,593,29606,TEAM_IDLE,True,cooldown_active,,468,1440,0
economy_debug_stage3_180,1,0,600,29958,TEAM_IDLE,True,cooldown_active,,468,1440,0
economy_debug_stage3_180,1,0,607,30302,TEAM_IDLE,True,cooldown_active,,468,1440,0
economy_debug_stage3_180,1,0,613,30606,TEAM_IDLE,True,cooldown_active,,468,1440,0
economy_debug_stage3_180,1,0,620,30954,TEAM_IDLE,True,cooldown_active,,468,1440,0
economy_debug_stage3_180,1,0,627,31306,TEAM_IDLE,True,cooldown_active,,468,1440,0
economy_debug_stage3_180,1,0,634,31654,TEAM_IDLE,True,cooldown_active,,468,1440,0
economy_debug_stage3_180,1,0,641,32006,TEAM_IDLE,True,factory_busy,,468,1572,0
economy_debug_stage3_180,1,0,648,32354,TEAM_IDLE,True,cooldown_active,,468,1782,0
economy_debug_stage3_180,1,0,654,32654,TEAM_IDLE,True,cooldown_active,,468,1968,0
economy_debug_stage3_180,1,0,661,33002,TEAM_IDLE,True,cooldown_active,,468,2172,0
economy_debug_stage3_180,1,0,667,33306,TEAM_IDLE,True,cooldown_active,,468,2190,0
economy_debug_stage3_180,1,0,674,33654,TEAM_IDLE,True,cooldown_active,,468,2190,0
economy_debug_stage3_180,1,0,681,34006,TEAM_IDLE,True,cooldown_active,,468,2190,0
economy_debug_stage3_180,1,0,688,34354,TEAM_IDLE,True,cooldown_active,,468,2190,0
economy_debug_stage3_180,1,0,695,34702,PRODUCE_SEMICONDUCTOR,True,ok,,468,2190,0
economy_debug_stage3_180,1,0,701,35002,TEAM_IDLE,True,cooldown_active,,468,2180,0
economy_debug_stage3_180,1,0,707,35306,TEAM_IDLE,True,cooldown_active,,468,2180,0
economy_debug_stage3_180,1,0,714,35654,TEAM_IDLE,True,cooldown_active,,468,2180,0
economy_debug_stage3_180,1,0,720,35954,TEAM_IDLE,True,cooldown_active,,468,2180,0
economy_debug_stage3_180,1,0,727,36302,TEAM_IDLE,True,cooldown_active,,468,2180,0
economy_debug_stage3_180,1,0,733,36606,TEAM_IDLE,True,cooldown_active,,468,2180,0
economy_debug_stage3_180,1,0,740,36958,TEAM_IDLE,True,cooldown_active,,468,2180,0
economy_debug_stage3_180,1,0,747,37306,TEAM_IDLE,True,factory_busy,,468,2180,0
economy_debug_stage3_180,1,0,754,37654,TEAM_IDLE,True,cooldown_active,,468,2180,0
economy_debug_stage3_180,1,0,760,37954,TEAM_IDLE,True,cooldown_active,,468,2180,0
economy_debug_stage3_180,1,0,766,38255,TEAM_IDLE,True,cooldown_active,,468,2180,0
economy_debug_stage3_180,1,0,773,38603,TEAM_IDLE,True,cooldown_active,,468,2180,0
economy_debug_stage3_180,1,0,779,38907,TEAM_IDLE,True,cooldown_active,,468,2180,0
economy_debug_stage3_180,1,0,785,39207,TEAM_IDLE,True,cooldown_active,,468,2180,0
economy_debug_stage3_180,1,0,792,39555,TEAM_IDLE,True,cooldown_active,,468,2180,0
economy_debug_stage3_180,1,0,798,39855,TEAM_IDLE,True,no_production_needed,,468,2180,0
economy_debug_stage3_180,1,0,804,40155,TEAM_IDLE,True,no_production_needed,,468,2180,0
economy_debug_stage3_180,1,0,810,40455,TEAM_IDLE,True,no_production_needed,,468,2180,0
economy_debug_stage3_180,1,0,817,40803,TEAM_IDLE,True,no_production_needed,,468,2180,0
economy_debug_stage3_180,1,0,823,41107,TEAM_IDLE,True,no_production_needed,,468,2180,0
economy_debug_stage3_180,1,0,829,41407,TEAM_IDLE,True,no_production_needed,,468,2180,0
economy_debug_stage3_180,1,0,836,41755,TEAM_IDLE,True,no_production_needed,,468,2180,0
economy_debug_stage3_180,1,0,842,42055,TEAM_IDLE,True,no_production_needed,,468,2180,0
economy_debug_stage3_180,1,0,848,42355,PRODUCE_SEMICONDUCTOR,True,ok,,468,2180,0
economy_debug_stage3_180,1,0,854,42655,TEAM_IDLE,True,cooldown_active,,468,2170,0
economy_debug_stage3_180,1,0,861,43003,TEAM_IDLE,True,cooldown_active,,468,2170,0
economy_debug_stage3_180,1,0,867,43307,TEAM_IDLE,True,cooldown_active,,468,2170,0
economy_debug_stage3_180,1,0,874,43655,TEAM_IDLE,True,cooldown_active,,468,2170,0
economy_debug_stage3_180,1,0,881,44007,TEAM_IDLE,True,cooldown_active,,468,2170,0
economy_debug_stage3_180,1,0,888,44355,TEAM_IDLE,True,cooldown_active,,468,2170,0
economy_debug_stage3_180,1,0,894,44655,TEAM_IDLE,True,cooldown_active,,468,2170,0
economy_debug_stage3_180,1,0,901,45003,TEAM_IDLE,True,factory_busy,,468,2170,0
economy_debug_stage3_180,1,0,907,45307,TEAM_IDLE,True,cooldown_active,,468,2170,0
economy_debug_stage3_180,1,0,914,45655,TEAM_IDLE,True,cooldown_active,,468,2170,0
economy_debug_stage3_180,1,0,920,45955,TEAM_IDLE,True,cooldown_active,,702,2170,0
economy_debug_stage3_180,1,0,926,46255,TEAM_IDLE,True,cooldown_active,,702,2170,0
economy_debug_stage3_180,1,0,933,46607,TEAM_IDLE,True,cooldown_active,,702,2170,0
economy_debug_stage3_180,1,0,939,46907,TEAM_IDLE,True,cooldown_active,,702,2170,0
economy_debug_stage3_180,1,0,946,47255,TEAM_IDLE,True,cooldown_active,,702,2170,0
economy_debug_stage3_180,1,0,952,47555,TEAM_IDLE,True,no_production_needed,,702,2170,0
economy_debug_stage3_180,1,0,958,47855,TEAM_IDLE,True,no_production_needed,,702,2170,0
economy_debug_stage3_180,1,0,964,48155,TEAM_IDLE,True,no_production_needed,,702,2170,0
economy_debug_stage3_180,1,0,971,48503,TEAM_IDLE,True,no_production_needed,,702,2170,0
economy_debug_stage3_180,1,0,977,48807,TEAM_IDLE,True,no_production_needed,,702,2170,0
economy_debug_stage3_180,1,0,983,49107,TEAM_IDLE,True,no_production_needed,,702,2170,0
economy_debug_stage3_180,1,0,990,49455,TEAM_IDLE,True,no_production_needed,,702,2170,0
economy_debug_stage3_180,1,0,996,49755,TEAM_IDLE,True,no_production_needed,,702,2170,0
economy_debug_stage3_180,1,0,1002,50055,TEAM_IDLE,True,no_production_needed,,702,2170,0
economy_debug_stage3_180,1,0,1008,50355,TEAM_IDLE,True,no_production_needed,,702,2170,0
economy_debug_stage3_180,1,0,1015,50707,TEAM_IDLE,True,no_production_needed,,702,2170,0
economy_debug_stage3_180,1,0,1022,51051,TEAM_IDLE,True,no_production_needed,,702,2170,0
economy_debug_stage3_180,1,0,1028,51355,TEAM_IDLE,True,no_production_needed,,702,2170,0
economy_debug_stage3_180,1,0,1034,51655,TEAM_IDLE,True,no_production_needed,,702,2170,0
economy_debug_stage3_180,1,0,1041,52007,TEAM_IDLE,True,no_production_needed,,702,2278,0
economy_debug_stage3_180,1,0,1048,52355,TEAM_IDLE,True,no_production_needed,,702,2488,0
economy_debug_stage3_180,1,0,1055,52707,TEAM_IDLE,True,no_production_needed,,702,2698,0
economy_debug_stage3_180,1,0,1062,53055,TEAM_IDLE,True,no_production_needed,,702,2902,0
economy_debug_stage3_180,1,0,1068,53355,TEAM_IDLE,True,no_production_needed,,702,2920,0
economy_debug_stage3_180,1,0,1074,53655,TEAM_IDLE,True,no_production_needed,,702,2920,0
economy_debug_stage3_180,1,0,1081,54003,TEAM_IDLE,True,no_production_needed,,702,2920,0
economy_debug_stage3_180,1,0,1088,54355,TEAM_IDLE,True,no_production_needed,,702,2920,0
economy_debug_stage3_180,1,0,1094,54655,TEAM_IDLE,True,no_production_needed,,702,2920,0
economy_debug_stage3_180,1,0,1101,55007,TEAM_IDLE,True,no_production_needed,,702,2920,0
economy_debug_stage3_180,1,0,1107,55303,TEAM_IDLE,True,no_production_needed,,702,2920,0
economy_debug_stage3_180,1,0,1113,55607,TEAM_IDLE,True,no_production_needed,,702,2920,0
economy_debug_stage3_180,1,0,1120,55955,TEAM_IDLE,True,no_production_needed,,702,2920,0
economy_debug_stage3_180,1,0,1126,56255,TEAM_IDLE,True,no_production_needed,,702,2920,0
economy_debug_stage3_180,1,0,1133,56607,TEAM_IDLE,True,no_production_needed,,702,2920,0
economy_debug_stage3_180,1,0,1140,56955,TEAM_IDLE,True,no_production_needed,,702,2920,0
economy_debug_stage3_180,1,0,1146,57255,TEAM_IDLE,True,no_production_needed,,702,2920,0
economy_debug_stage3_180,1,0,1152,57556,TEAM_IDLE,True,no_production_needed,,702,2920,0
economy_debug_stage3_180,1,0,1159,57908,TEAM_IDLE,True,no_production_needed,,702,2920,0
economy_debug_stage3_180,1,0,1166,58256,TEAM_IDLE,True,no_production_needed,,702,2920,0
economy_debug_stage3_180,1,0,1172,58556,TEAM_IDLE,True,no_production_needed,,702,2920,0
economy_debug_stage3_180,1,0,1179,58904,TEAM_IDLE,True,no_production_needed,,702,2920,0
economy_debug_stage3_180,1,0,1186,59252,TEAM_IDLE,True,no_production_needed,,702,2920,0
economy_debug_stage3_180,1,0,1192,59556,TEAM_IDLE,True,no_production_needed,,702,2920,0
economy_debug_stage3_180,1,0,1198,59856,TEAM_IDLE,True,no_production_needed,,702,2920,0
economy_debug_stage3_180,1,0,1205,60208,TEAM_IDLE,True,no_production_needed,,702,2920,0
economy_debug_stage3_180,1,0,1212,60556,TEAM_IDLE,True,no_production_needed,,702,2920,0
economy_debug_stage3_180,1,0,1218,60856,TEAM_IDLE,True,no_production_needed,,702,2920,0
economy_debug_stage3_180,1,0,1224,61156,TEAM_IDLE,True,no_production_needed,,702,2920,0
economy_debug_stage3_180,1,0,1231,61504,TEAM_IDLE,True,no_production_needed,,702,2920,0
economy_debug_stage3_180,1,0,1237,61804,TEAM_IDLE,True,no_production_needed,,702,2920,0
economy_debug_stage3_180,1,0,1244,62156,PRODUCE_SEMICONDUCTOR,True,ok,,702,2920,0
economy_debug_stage3_180,1,0,1251,62504,TEAM_IDLE,True,cooldown_active,,702,2910,0
economy_debug_stage3_180,1,0,1257,62804,TEAM_IDLE,True,cooldown_active,,702,2910,0
economy_debug_stage3_180,1,0,1263,63104,TEAM_IDLE,True,cooldown_active,,702,2910,0
economy_debug_stage3_180,1,0,1269,63404,TEAM_IDLE,True,cooldown_active,,702,2910,0
economy_debug_stage3_180,1,0,1275,63704,TEAM_IDLE,True,cooldown_active,,702,2910,0
economy_debug_stage3_180,1,0,1282,64052,TEAM_IDLE,True,cooldown_active,,702,2910,0
economy_debug_stage3_180,1,0,1289,64404,TEAM_IDLE,True,cooldown_active,,702,2910,0
economy_debug_stage3_180,1,0,1295,64704,TEAM_IDLE,True,factory_busy,,702,2910,0
economy_debug_stage3_180,1,0,1301,65004,TEAM_IDLE,True,cooldown_active,,702,2910,0
economy_debug_stage3_180,1,0,1307,65304,TEAM_IDLE,True,cooldown_active,,702,2910,0
economy_debug_stage3_180,1,0,1313,65608,TEAM_IDLE,True,cooldown_active,,936,2910,0
economy_debug_stage3_180,1,0,1319,65908,TEAM_IDLE,True,cooldown_active,,936,2910,0
economy_debug_stage3_180,1,0,1325,66208,TEAM_IDLE,True,cooldown_active,,936,2910,0
economy_debug_stage3_180,1,0,1331,66504,TEAM_IDLE,True,cooldown_active,,936,2910,0
economy_debug_stage3_180,1,0,1337,66808,TEAM_IDLE,True,cooldown_active,,936,2910,0
economy_debug_stage3_180,1,0,1343,67108,TEAM_IDLE,True,cooldown_active,,936,2910,0
economy_debug_stage3_180,1,0,1350,67456,TEAM_IDLE,True,no_production_needed,,936,2910,0
economy_debug_stage3_180,1,0,1357,67808,TEAM_IDLE,True,no_production_needed,,936,2910,0
economy_debug_stage3_180,1,0,1363,68108,TEAM_IDLE,True,no_production_needed,,936,2910,0
economy_debug_stage3_180,1,0,1369,68408,TEAM_IDLE,True,no_production_needed,,936,2910,0
economy_debug_stage3_180,1,0,1376,68752,TEAM_IDLE,True,no_production_needed,,936,2910,0
economy_debug_stage3_180,1,0,1382,69056,TEAM_IDLE,True,no_production_needed,,936,2910,0
economy_debug_stage3_180,1,0,1388,69356,TEAM_IDLE,True,no_production_needed,,936,2910,0
economy_debug_stage3_180,1,0,1395,69708,TEAM_IDLE,True,no_production_needed,,936,2910,0
economy_debug_stage3_180,1,0,1402,70052,TEAM_IDLE,True,no_production_needed,,936,2910,0
economy_debug_stage3_180,1,0,1408,70356,TEAM_IDLE,True,no_production_needed,,936,2910,0
economy_debug_stage3_180,1,0,1415,70708,TEAM_IDLE,True,no_production_needed,,936,2910,0
economy_debug_stage3_180,1,0,1421,71008,TEAM_IDLE,True,no_production_needed,,936,2910,0
economy_debug_stage3_180,1,0,1428,71356,TEAM_IDLE,True,no_production_needed,,936,2910,0
economy_debug_stage3_180,1,0,1434,71652,TEAM_IDLE,True,no_production_needed,,936,2910,0
economy_debug_stage3_180,1,0,1441,72004,TEAM_IDLE,True,no_production_needed,,936,2910,0
economy_debug_stage3_180,1,0,1447,72304,TEAM_IDLE,True,no_production_needed,,936,2910,0
economy_debug_stage3_180,1,0,1454,72656,TEAM_IDLE,True,no_production_needed,,936,2928,0
economy_debug_stage3_180,1,0,1460,72956,TEAM_IDLE,True,no_production_needed,,936,3108,0
economy_debug_stage3_180,1,0,1467,73304,TEAM_IDLE,True,no_production_needed,,936,3318,0
economy_debug_stage3_180,1,0,1473,73608,TEAM_IDLE,True,no_production_needed,,936,3498,0
economy_debug_stage3_180,1,0,1480,73956,TEAM_IDLE,True,no_production_needed,,936,3660,0
economy_debug_stage3_180,1,0,1486,74252,TEAM_IDLE,True,no_production_needed,,936,3660,0
economy_debug_stage3_180,1,0,1493,74604,TEAM_IDLE,True,no_production_needed,,936,3660,0
economy_debug_stage3_180,1,0,1499,74904,TEAM_IDLE,True,no_production_needed,,936,3660,0
economy_debug_stage3_180,1,0,1505,75204,TEAM_IDLE,True,no_production_needed,,936,3660,0
economy_debug_stage3_180,1,0,1511,75504,TEAM_IDLE,True,no_production_needed,,936,3660,0
economy_debug_stage3_180,1,0,1518,75852,TEAM_IDLE,True,no_production_needed,,936,3660,0
economy_debug_stage3_180,1,0,1524,76152,TEAM_IDLE,True,no_production_needed,,936,3660,0
economy_debug_stage3_180,1,0,1530,76456,TEAM_IDLE,True,no_production_needed,,936,3660,0
economy_debug_stage3_180,1,0,1537,76804,TEAM_IDLE,True,no_production_needed,,936,3660,0
economy_debug_stage3_180,1,0,1544,77152,TEAM_IDLE,True,no_production_needed,,936,3660,0
economy_debug_stage3_180,1,0,1550,77457,TEAM_IDLE,True,no_production_needed,,936,3660,0
economy_debug_stage3_180,1,0,1557,77805,TEAM_IDLE,True,no_production_needed,,936,3660,0
economy_debug_stage3_180,1,0,1564,78157,TEAM_IDLE,True,no_production_needed,,936,3660,0
economy_debug_stage3_180,1,0,1571,78501,TEAM_IDLE,True,no_production_needed,,936,3660,0
economy_debug_stage3_180,1,0,1577,78805,TEAM_IDLE,True,no_production_needed,,936,3660,0
economy_debug_stage3_180,1,0,1583,79105,TEAM_IDLE,True,no_production_needed,,936,3660,0
economy_debug_stage3_180,1,0,1589,79405,TEAM_IDLE,True,no_production_needed,,936,3660,0
economy_debug_stage3_180,1,0,1595,79705,TEAM_IDLE,True,no_production_needed,,936,3660,0
economy_debug_stage3_180,1,0,1601,80005,TEAM_IDLE,True,no_production_needed,,936,3660,0
economy_debug_stage3_180,1,0,1608,80353,TEAM_IDLE,True,no_production_needed,,936,3660,0
economy_debug_stage3_180,1,0,1614,80657,TEAM_IDLE,True,no_production_needed,,936,3660,0
economy_debug_stage3_180,1,0,1620,80957,TEAM_IDLE,True,no_production_needed,,936,3660,0
economy_debug_stage3_180,1,0,1627,81305,TEAM_IDLE,True,no_production_needed,,936,3660,0
economy_debug_stage3_180,1,0,1634,81657,TEAM_IDLE,True,no_production_needed,,936,3660,0
economy_debug_stage3_180,1,0,1640,81957,TEAM_IDLE,True,no_production_needed,,936,3660,0
economy_debug_stage3_180,1,0,1646,82257,TEAM_IDLE,True,no_production_needed,,936,3660,0
economy_debug_stage3_180,1,0,1653,82605,TEAM_IDLE,True,no_production_needed,,936,3660,0
economy_debug_stage3_180,1,0,1659,82905,TEAM_IDLE,True,no_production_needed,,936,3660,0
economy_debug_stage3_180,1,0,1665,83205,TEAM_IDLE,True,no_production_needed,,936,3660,0
economy_debug_stage3_180,1,0,1671,83505,TEAM_IDLE,True,no_production_needed,,936,3660,0
economy_debug_stage3_180,1,0,1677,83805,PRODUCE_SEMICONDUCTOR,True,ok,,936,3660,0
economy_debug_stage3_180,1,0,1684,84157,TEAM_IDLE,True,cooldown_active,,936,3650,0
economy_debug_stage3_180,1,0,1690,84457,TEAM_IDLE,True,cooldown_active,,936,3650,0
economy_debug_stage3_180,1,0,1696,84757,TEAM_IDLE,True,cooldown_active,,936,3650,0
economy_debug_stage3_180,1,0,1703,85101,TEAM_IDLE,True,cooldown_active,,936,3650,0
economy_debug_stage3_180,1,0,1709,85405,TEAM_IDLE,True,cooldown_active,,936,3650,0
economy_debug_stage3_180,1,0,1715,85705,TEAM_IDLE,True,cooldown_active,,936,3650,0
economy_debug_stage3_180,1,0,1721,86005,TEAM_IDLE,True,cooldown_active,,936,3650,0
economy_debug_stage3_180,1,0,1727,86305,TEAM_IDLE,True,factory_busy,,936,3650,0
economy_debug_stage3_180,1,0,1733,86605,TEAM_IDLE,True,cooldown_active,,936,3650,0
economy_debug_stage3_180,1,0,1739,86905,TEAM_IDLE,True,cooldown_active,,936,3650,0
economy_debug_stage3_180,1,0,1746,87253,TEAM_IDLE,True,cooldown_active,,1170,3650,0
economy_debug_stage3_180,1,0,1752,87557,TEAM_IDLE,True,cooldown_active,,1170,3650,0
economy_debug_stage3_180,1,0,1758,87857,TEAM_IDLE,True,cooldown_active,,1170,3650,0
economy_debug_stage3_180,1,0,1765,88205,TEAM_IDLE,True,cooldown_active,,1170,3650,0
economy_debug_stage3_180,1,0,1772,88557,TEAM_IDLE,True,cooldown_active,,1170,3650,0
economy_debug_stage3_180,1,0,1778,88857,TEAM_IDLE,True,no_production_needed,,1170,3650,0
economy_debug_stage3_180,1,0,1784,89157,TEAM_IDLE,True,no_production_needed,,1170,3650,0
economy_debug_stage3_180,1,0,1791,89501,TEAM_IDLE,True,no_production_needed,,1170,3650,0
economy_debug_stage3_180,1,0,1797,89805,TEAM_IDLE,True,no_production_needed,,1170,3650,0
economy_debug_stage3_180,1,0,1803,90105,TEAM_IDLE,True,no_production_needed,,1170,3650,0
economy_debug_stage3_180,1,0,1809,90405,TEAM_IDLE,True,no_production_needed,,1170,3650,0
economy_debug_stage3_180,1,0,1816,90753,TEAM_IDLE,True,no_production_needed,,1170,3650,0
economy_debug_stage3_180,1,0,1822,91057,TEAM_IDLE,True,no_production_needed,,1170,3650,0
economy_debug_stage3_180,1,0,1828,91357,TEAM_IDLE,True,no_production_needed,,1170,3650,0
economy_debug_stage3_180,1,0,1835,91705,TEAM_IDLE,True,no_production_needed,,1170,3650,0
economy_debug_stage3_180,1,0,1842,92057,TEAM_IDLE,True,no_production_needed,,1170,3650,0
economy_debug_stage3_180,1,0,1848,92357,TEAM_IDLE,True,no_production_needed,,1170,3650,0
economy_debug_stage3_180,1,0,1855,92701,TEAM_IDLE,True,no_production_needed,,1170,3650,0
economy_debug_stage3_180,1,0,1861,93005,TEAM_IDLE,True,no_production_needed,,1170,3650,0
economy_debug_stage3_180,1,0,1867,93305,TEAM_IDLE,True,no_production_needed,,1170,3650,0
economy_debug_stage3_180,1,0,1873,93605,TEAM_IDLE,True,no_production_needed,,1170,3650,0
economy_debug_stage3_180,1,0,1879,93905,TEAM_IDLE,True,no_production_needed,,1170,3650,0
economy_debug_stage3_180,1,0,1886,94253,TEAM_IDLE,True,no_production_needed,,1170,3650,0
economy_debug_stage3_180,1,0,1892,94557,TEAM_IDLE,True,no_production_needed,,1170,3650,0
economy_debug_stage3_180,1,0,1898,94857,TEAM_IDLE,True,no_production_needed,,1170,3650,0
economy_debug_stage3_180,1,0,1905,95201,TEAM_IDLE,True,no_production_needed,,1170,3650,0
economy_debug_stage3_180,1,0,1911,95505,TEAM_IDLE,True,no_production_needed,,1170,3650,0
economy_debug_stage3_180,1,0,1917,95805,TEAM_IDLE,True,no_production_needed,,1170,3650,0
economy_debug_stage3_180,1,0,1923,96105,TEAM_IDLE,True,no_production_needed,,1170,3818,0
economy_debug_stage3_180,1,0,1929,96405,TEAM_IDLE,True,no_production_needed,,1170,3998,0
economy_debug_stage3_180,1,0,1935,96705,TEAM_IDLE,True,no_production_needed,,1170,4178,0
economy_debug_stage3_180,1,0,1941,97005,TEAM_IDLE,True,no_production_needed,,1170,4358,0
economy_debug_stage3_180,1,0,1948,97357,TEAM_IDLE,True,no_production_needed,,1170,4400,0
economy_debug_stage3_180,1,0,1954,97657,TEAM_IDLE,True,no_production_needed,,1170,4400,0
economy_debug_stage3_180,1,0,1961,98002,TEAM_IDLE,True,no_production_needed,,1170,4400,0
economy_debug_stage3_180,1,0,1967,98306,TEAM_IDLE,True,no_production_needed,,1170,4400,0
economy_debug_stage3_180,1,0,1974,98654,TEAM_IDLE,True,no_production_needed,,1170,4400,0
economy_debug_stage3_180,1,0,1981,99002,TEAM_IDLE,True,no_production_needed,,1170,4400,0
economy_debug_stage3_180,1,0,1987,99310,TEAM_IDLE,True,no_production_needed,,1170,4400,0
economy_debug_stage3_180,1,0,1994,99658,TEAM_IDLE,True,no_production_needed,,1170,4400,0
economy_debug_stage3_180,1,0,2001,100006,TEAM_IDLE,True,no_production_needed,,1170,4400,0
economy_debug_stage3_180,1,0,2008,100354,TEAM_IDLE,True,no_production_needed,,1170,4400,0
economy_debug_stage3_180,1,0,2014,100658,TEAM_IDLE,True,no_production_needed,,1170,4400,0
economy_debug_stage3_180,1,0,2021,101006,TEAM_IDLE,True,no_production_needed,,1170,4400,0
economy_debug_stage3_180,1,0,2028,101354,TEAM_IDLE,True,no_production_needed,,1170,4400,0
economy_debug_stage3_180,1,0,2034,101658,TEAM_IDLE,True,no_production_needed,,1170,4400,0
economy_debug_stage3_180,1,0,2041,102002,TEAM_IDLE,True,no_production_needed,,1170,4400,0
economy_debug_stage3_180,1,0,2047,102306,TEAM_IDLE,True,no_production_needed,,1170,4400,0
economy_debug_stage3_180,1,0,2053,102606,TEAM_IDLE,True,no_production_needed,,1170,4400,0
economy_debug_stage3_180,1,0,2060,102958,TEAM_IDLE,True,no_production_needed,,1170,4400,0
economy_debug_stage3_180,1,0,2067,103302,TEAM_IDLE,True,no_production_needed,,1170,4400,0
economy_debug_stage3_180,1,0,2073,103606,TEAM_IDLE,True,no_production_needed,,1170,4400,0
economy_debug_stage3_180,1,0,2080,103958,TEAM_IDLE,True,no_production_needed,,1170,4400,0
economy_debug_stage3_180,1,0,2087,104302,TEAM_IDLE,True,no_production_needed,,1170,4400,0
economy_debug_stage3_180,1,0,2093,104602,TEAM_IDLE,True,no_production_needed,,1170,4400,0
economy_debug_stage3_180,1,0,2099,104906,TEAM_IDLE,True,no_production_needed,,1170,4400,0
economy_debug_stage3_180,1,0,2105,105206,TEAM_IDLE,True,no_production_needed,,1170,4400,0
economy_debug_stage3_180,1,0,2111,105506,TEAM_IDLE,True,no_production_needed,,1170,4400,0
economy_debug_stage3_180,1,0,2118,105854,TEAM_IDLE,True,no_production_needed,,1170,4400,0
economy_debug_stage3_180,1,0,2124,106154,TEAM_IDLE,True,no_production_needed,,1170,4400,0
economy_debug_stage3_180,1,0,2131,106502,TEAM_IDLE,True,no_production_needed,,1170,4400,0
economy_debug_stage3_180,1,0,2137,106802,TEAM_IDLE,True,no_production_needed,,1170,4400,0
economy_debug_stage3_180,1,0,2143,107102,TEAM_IDLE,True,no_production_needed,,1170,4400,0
economy_debug_stage3_180,1,0,2149,107402,PRODUCE_SEMICONDUCTOR,True,ok,,1170,4400,0
economy_debug_stage3_180,1,0,2155,107706,TEAM_IDLE,True,cooldown_active,,1170,4390,0
economy_debug_stage3_180,1,0,2161,108006,TEAM_IDLE,True,cooldown_active,,1170,4390,0
economy_debug_stage3_180,1,0,2167,108306,TEAM_IDLE,True,cooldown_active,,1170,4390,0
economy_debug_stage3_180,1,0,2173,108606,TEAM_IDLE,True,cooldown_active,,1170,4390,0
economy_debug_stage3_180,1,0,2179,108906,TEAM_IDLE,True,cooldown_active,,1170,4390,0
economy_debug_stage3_180,1,0,2185,109206,TEAM_IDLE,True,cooldown_active,,1170,4390,0
economy_debug_stage3_180,1,0,2191,109506,TEAM_IDLE,True,cooldown_active,,1170,4390,0
economy_debug_stage3_180,1,0,2198,109854,TEAM_IDLE,True,cooldown_active,,1170,4390,0
economy_debug_stage3_180,1,0,2204,110154,TEAM_IDLE,True,factory_busy,,1170,4390,0
economy_debug_stage3_180,1,0,2211,110506,TEAM_IDLE,True,cooldown_active,,1170,4390,0
economy_debug_stage3_180,1,0,2218,110854,TEAM_IDLE,True,cooldown_active,,1404,4390,0
economy_debug_stage3_180,1,0,2225,111206,TEAM_IDLE,True,cooldown_active,,1404,4390,0
economy_debug_stage3_180,1,0,2232,111554,TEAM_IDLE,True,cooldown_active,,1404,4390,0
economy_debug_stage3_180,1,0,2238,111854,TEAM_IDLE,True,cooldown_active,,1404,4390,0
economy_debug_stage3_180,1,0,2245,112206,TEAM_IDLE,True,cooldown_active,,1404,4390,0
economy_debug_stage3_180,1,0,2252,112554,TEAM_IDLE,True,cooldown_active,,1404,4390,0
economy_debug_stage3_180,1,0,2258,112854,TEAM_IDLE,True,no_production_needed,,1404,4390,0
economy_debug_stage3_180,1,0,2264,113154,TEAM_IDLE,True,no_production_needed,,1404,4390,0
economy_debug_stage3_180,1,0,2270,113454,TEAM_IDLE,True,no_production_needed,,1404,4390,0
economy_debug_stage3_180,1,0,2277,113802,TEAM_IDLE,True,no_production_needed,,1404,4390,0
economy_debug_stage3_180,1,0,2283,114106,TEAM_IDLE,True,no_production_needed,,1404,4390,0
economy_debug_stage3_180,1,0,2290,114454,TEAM_IDLE,True,no_production_needed,,1404,4390,0
economy_debug_stage3_180,1,0,2296,114754,TEAM_IDLE,True,no_production_needed,,1404,4390,0
economy_debug_stage3_180,1,0,2302,115054,TEAM_IDLE,True,no_production_needed,,1404,4390,0
economy_debug_stage3_180,1,0,2309,115402,TEAM_IDLE,True,no_production_needed,,1404,4390,0
economy_debug_stage3_180,1,0,2315,115706,TEAM_IDLE,True,no_production_needed,,1404,4390,0
economy_debug_stage3_180,1,0,2322,116054,TEAM_IDLE,True,no_production_needed,,1404,4390,0
economy_debug_stage3_180,1,0,2329,116406,TEAM_IDLE,True,no_production_needed,,1404,4390,0
economy_debug_stage3_180,1,0,2336,116758,TEAM_IDLE,True,no_production_needed,,1404,4390,0
economy_debug_stage3_180,1,0,2343,117102,TEAM_IDLE,True,no_production_needed,,1404,4390,0
economy_debug_stage3_180,1,0,2349,117406,TEAM_IDLE,True,no_production_needed,,1404,4390,0
economy_debug_stage3_180,1,0,2356,117758,TEAM_IDLE,True,no_production_needed,,1404,4390,0
economy_debug_stage3_180,1,0,2363,118102,TEAM_IDLE,True,no_production_needed,,1404,4390,0
economy_debug_stage3_180,1,0,2369,118406,TEAM_IDLE,True,no_production_needed,,1404,4390,0
economy_debug_stage3_180,1,0,2376,118755,TEAM_IDLE,True,no_production_needed,,1404,4390,0
economy_debug_stage3_180,1,0,2382,119055,TEAM_IDLE,True,no_production_needed,,1404,4390,0
economy_debug_stage3_180,1,0,2388,119355,TEAM_IDLE,True,no_production_needed,,1404,4390,0
economy_debug_stage3_180,1,0,2394,119655,TEAM_IDLE,True,no_production_needed,,1404,4390,0
economy_debug_stage3_180,1,0,2401,120003,TEAM_IDLE,True,no_production_needed,,1404,4390,0
economy_debug_stage3_180,1,0,2407,120303,TEAM_IDLE,True,no_production_needed,,1404,4390,0
economy_debug_stage3_180,1,0,2413,120607,TEAM_IDLE,True,no_production_needed,,1404,4390,0
economy_debug_stage3_180,1,0,2420,120955,TEAM_IDLE,True,no_production_needed,,1404,4390,0
economy_debug_stage3_180,1,0,2426,121255,TEAM_IDLE,True,no_production_needed,,1404,4390,0
economy_debug_stage3_180,1,0,2432,121555,TEAM_IDLE,True,no_production_needed,,1404,4390,0
economy_debug_stage3_180,1,0,2439,121907,TEAM_IDLE,True,no_production_needed,,1404,4390,0
economy_debug_stage3_180,1,0,2446,122255,TEAM_IDLE,True,no_production_needed,,1404,4390,0
economy_debug_stage3_180,1,0,2452,122555,TEAM_IDLE,True,no_production_needed,,1404,4558,0
economy_debug_stage3_180,1,0,2459,122907,TEAM_IDLE,True,no_production_needed,,1404,4768,0
economy_debug_stage3_180,1,0,2466,123255,TEAM_IDLE,True,no_production_needed,,1404,4978,0
economy_debug_stage3_180,1,0,2472,123555,TEAM_IDLE,True,no_production_needed,,1404,5140,0
economy_debug_stage3_180,1,0,2479,123907,TEAM_IDLE,True,no_production_needed,,1404,5140,0
economy_debug_stage3_180,1,0,2486,124255,TEAM_IDLE,True,no_production_needed,,1404,5140,0
economy_debug_stage3_180,1,0,2492,124555,TEAM_IDLE,True,no_production_needed,,1404,5140,0
economy_debug_stage3_180,1,0,2498,124855,TEAM_IDLE,True,no_production_needed,,1404,5140,0
economy_debug_stage3_180,1,0,2504,125155,TEAM_IDLE,True,no_production_needed,,1404,5140,0
economy_debug_stage3_180,1,0,2510,125455,TEAM_IDLE,True,no_production_needed,,1404,5140,0
economy_debug_stage3_180,1,0,2517,125807,TEAM_IDLE,True,no_production_needed,,1404,5140,0
economy_debug_stage3_180,1,0,2523,126107,TEAM_IDLE,True,no_production_needed,,1404,5140,0
economy_debug_stage3_180,1,0,2529,126407,TEAM_IDLE,True,no_production_needed,,1404,5140,0
economy_debug_stage3_180,1,0,2535,126707,TEAM_IDLE,True,no_production_needed,,1404,5140,0
economy_debug_stage3_180,1,0,2541,127007,TEAM_IDLE,True,no_production_needed,,1404,5140,0
economy_debug_stage3_180,1,0,2548,127355,TEAM_IDLE,True,no_production_needed,,1404,5140,0
economy_debug_stage3_180,1,0,2554,127655,TEAM_IDLE,True,no_production_needed,,1404,5140,0
economy_debug_stage3_180,1,0,2560,127955,TEAM_IDLE,True,no_production_needed,,1404,5140,0
economy_debug_stage3_180,1,0,2566,128255,TEAM_IDLE,True,no_production_needed,,1404,5140,0
economy_debug_stage3_180,1,0,2573,128607,TEAM_IDLE,True,no_production_needed,,1404,5140,0
economy_debug_stage3_180,1,0,2579,128907,TEAM_IDLE,True,no_production_needed,,1404,5140,0
economy_debug_stage3_180,1,0,2585,129207,TEAM_IDLE,True,no_production_needed,,1404,5140,0
economy_debug_stage3_180,1,0,2592,129555,TEAM_IDLE,True,no_production_needed,,1404,5140,0
economy_debug_stage3_180,1,0,2599,129907,TEAM_IDLE,True,no_production_needed,,1404,5140,0
economy_debug_stage3_180,1,0,2606,130255,TEAM_IDLE,True,no_production_needed,,1404,5140,0
economy_debug_stage3_180,1,0,2612,130555,TEAM_IDLE,True,no_production_needed,,1404,5140,0
economy_debug_stage3_180,1,0,2618,130855,TEAM_IDLE,True,no_production_needed,,1404,5140,0
economy_debug_stage3_180,1,0,2625,131207,TEAM_IDLE,True,no_production_needed,,1404,5140,0
economy_debug_stage3_180,1,0,2631,131507,TEAM_IDLE,True,no_production_needed,,1404,5140,0
economy_debug_stage3_180,1,0,2638,131855,TEAM_IDLE,True,no_production_needed,,1404,5140,0
economy_debug_stage3_180,1,0,2645,132207,TEAM_IDLE,True,no_production_needed,,1404,5140,0
economy_debug_stage3_180,1,0,2652,132555,TEAM_IDLE,True,no_production_needed,,1404,5140,0
economy_debug_stage3_180,1,0,2659,132907,TEAM_IDLE,True,no_production_needed,,1404,5140,0
economy_debug_stage3_180,1,0,2666,133255,TEAM_IDLE,True,no_production_needed,,1404,5140,0
economy_debug_stage3_180,1,0,2673,133607,TEAM_IDLE,True,no_production_needed,,1404,5140,0
economy_debug_stage3_180,1,0,2680,133955,TEAM_IDLE,True,no_production_needed,,1404,5140,0
economy_debug_stage3_180,1,0,2687,134307,TEAM_IDLE,True,no_production_needed,,1404,5140,0
economy_debug_stage3_180,1,0,2694,134655,TEAM_IDLE,True,no_production_needed,,1404,5140,0
economy_debug_stage3_180,1,0,2701,135003,TEAM_IDLE,True,no_production_needed,,1404,5140,0
economy_debug_stage3_180,1,0,2707,135303,TEAM_IDLE,True,no_production_needed,,1404,5140,0
economy_debug_stage3_180,1,0,2714,135655,TEAM_IDLE,True,no_production_needed,,1404,5140,0
economy_debug_stage3_180,1,0,2720,135955,TEAM_IDLE,True,no_production_needed,,1404,5140,0
economy_debug_stage3_180,1,0,2726,136255,TEAM_IDLE,True,no_production_needed,,1404,5140,0
economy_debug_stage3_180,1,0,2733,136607,TEAM_IDLE,True,no_production_needed,,1404,5140,0
economy_debug_stage3_180,1,0,2740,136955,TEAM_IDLE,True,no_production_needed,,1404,5140,0
economy_debug_stage3_180,1,0,2746,137255,TEAM_IDLE,True,no_production_needed,,1404,5140,0
economy_debug_stage3_180,1,0,2752,137555,PRODUCE_SEMICONDUCTOR,True,ok,,1404,5140,0
economy_debug_stage3_180,1,0,2759,137907,TEAM_IDLE,True,cooldown_active,,1404,5130,0
economy_debug_stage3_180,1,0,2766,138255,TEAM_IDLE,True,cooldown_active,,1404,5130,0
economy_debug_stage3_180,1,0,2772,138555,TEAM_IDLE,True,cooldown_active,,1404,5130,0
economy_debug_stage3_180,1,0,2778,138855,TEAM_IDLE,True,cooldown_active,,1404,5130,0
economy_debug_stage3_180,1,0,2784,139155,TEAM_IDLE,True,cooldown_active,,1404,5130,0
economy_debug_stage3_180,1,0,2791,139507,TEAM_IDLE,True,cooldown_active,,1404,5130,0
economy_debug_stage3_180,1,0,2798,139851,TEAM_IDLE,True,cooldown_active,,1404,5130,0
economy_debug_stage3_180,1,0,2804,140155,TEAM_IDLE,True,factory_busy,,1404,5130,0
economy_debug_stage3_180,1,0,2810,140456,TEAM_IDLE,True,cooldown_active,,1404,5130,0
economy_debug_stage3_180,1,0,2817,140804,TEAM_IDLE,True,cooldown_active,,1404,5130,0
economy_debug_stage3_180,1,0,2823,141104,TEAM_IDLE,True,cooldown_active,,1638,5130,0
economy_debug_stage3_180,1,0,2830,141452,TEAM_IDLE,True,cooldown_active,,1638,5130,0
economy_debug_stage3_180,1,0,2836,141756,TEAM_IDLE,True,cooldown_active,,1638,5130,0
economy_debug_stage3_180,1,0,2843,142104,TEAM_IDLE,True,cooldown_active,,1638,5130,0
economy_debug_stage3_180,1,0,2849,142404,TEAM_IDLE,True,cooldown_active,,1638,5130,0
economy_debug_stage3_180,1,0,2856,142756,TEAM_IDLE,True,no_production_needed,,1638,5130,0
economy_debug_stage3_180,1,0,2863,143104,TEAM_IDLE,True,no_production_needed,,1638,5130,0
economy_debug_stage3_180,1,0,2870,143456,TEAM_IDLE,True,no_production_needed,,1638,5130,0
economy_debug_stage3_180,1,0,2877,143804,TEAM_IDLE,True,no_production_needed,,1638,5130,0
economy_debug_stage3_180,1,0,2884,144152,TEAM_IDLE,True,no_production_needed,,1638,5130,0
economy_debug_stage3_180,1,0,2890,144456,TEAM_IDLE,True,no_production_needed,,1638,5130,0
economy_debug_stage3_180,1,0,2897,144804,TEAM_IDLE,True,no_production_needed,,1638,5130,0
economy_debug_stage3_180,1,0,2904,145156,TEAM_IDLE,True,no_production_needed,,1638,5130,0
economy_debug_stage3_180,1,0,2911,145512,TEAM_IDLE,True,no_production_needed,,1638,5130,0
economy_debug_stage3_180,1,0,2918,145856,TEAM_IDLE,True,no_production_needed,,1638,5130,0
economy_debug_stage3_180,1,0,2925,146204,TEAM_IDLE,True,no_production_needed,,1638,5130,0
economy_debug_stage3_180,1,0,2932,146556,TEAM_IDLE,True,no_production_needed,,1638,5130,0
economy_debug_stage3_180,1,0,2939,146904,TEAM_IDLE,True,no_production_needed,,1638,5130,0
economy_debug_stage3_180,1,0,2946,147256,TEAM_IDLE,True,no_production_needed,,1638,5130,0
economy_debug_stage3_180,1,0,2953,147604,TEAM_IDLE,True,no_production_needed,,1638,5130,0
economy_debug_stage3_180,1,0,2960,147952,TEAM_IDLE,True,no_production_needed,,1638,5130,0
economy_debug_stage3_180,1,0,2966,148256,TEAM_IDLE,True,no_production_needed,,1638,5130,0
economy_debug_stage3_180,1,0,2973,148604,TEAM_IDLE,True,no_production_needed,,1638,5130,0
economy_debug_stage3_180,1,0,2980,148952,TEAM_IDLE,True,no_production_needed,,1638,5130,0
economy_debug_stage3_180,1,0,2986,149256,TEAM_IDLE,True,no_production_needed,,1638,5130,0
economy_debug_stage3_180,1,0,2993,149604,TEAM_IDLE,True,no_production_needed,,1638,5130,0
economy_debug_stage3_180,1,0,3000,149956,TEAM_IDLE,True,no_production_needed,,1638,5130,0
economy_debug_stage3_180,1,0,3007,150304,TEAM_IDLE,True,no_production_needed,,1638,5130,0
economy_debug_stage3_180,1,0,3014,150656,TEAM_IDLE,True,no_production_needed,,1638,5130,0
economy_debug_stage3_180,1,0,3021,151004,TEAM_IDLE,True,no_production_needed,,1638,5130,0
economy_debug_stage3_180,1,0,3028,151352,TEAM_IDLE,True,no_production_needed,,1638,5130,0
economy_debug_stage3_180,1,0,3035,151704,TEAM_IDLE,True,no_production_needed,,1638,5130,0
economy_debug_stage3_180,1,0,3041,152004,TEAM_IDLE,True,no_production_needed,,1638,5130,0
economy_debug_stage3_180,1,0,3048,152352,TEAM_IDLE,True,no_production_needed,,1638,5130,0
economy_debug_stage3_180,1,0,3054,152656,TEAM_IDLE,True,no_production_needed,,1638,5130,0
economy_debug_stage3_180,1,0,3061,153004,TEAM_IDLE,True,no_production_needed,,1638,5130,0
economy_debug_stage3_180,1,0,3068,153356,TEAM_IDLE,True,no_production_needed,,1638,5238,0
economy_debug_stage3_180,1,0,3075,153708,TEAM_IDLE,True,no_production_needed,,1638,5448,0
economy_debug_stage3_180,1,0,3082,154052,TEAM_IDLE,True,no_production_needed,,1638,5652,0
economy_debug_stage3_180,1,0,3088,154356,TEAM_IDLE,True,no_production_needed,,1638,5838,0
economy_debug_stage3_180,1,0,3095,154704,TEAM_IDLE,True,no_production_needed,,1638,5880,0
economy_debug_stage3_180,1,0,3102,155056,TEAM_IDLE,True,no_production_needed,,1638,5880,0
economy_debug_stage3_180,1,0,3109,155404,TEAM_IDLE,True,no_production_needed,,1638,5880,0
economy_debug_stage3_180,1,0,3116,155752,TEAM_IDLE,True,no_production_needed,,1638,5880,0
economy_debug_stage3_180,1,0,3122,156056,TEAM_IDLE,True,no_production_needed,,1638,5880,0
economy_debug_stage3_180,1,0,3129,156404,TEAM_IDLE,True,no_production_needed,,1638,5880,0
economy_debug_stage3_180,1,0,3136,156752,TEAM_IDLE,True,no_production_needed,,1638,5880,0
economy_debug_stage3_180,1,0,3142,157056,TEAM_IDLE,True,no_production_needed,,1638,5880,0
economy_debug_stage3_180,1,0,3149,157404,TEAM_IDLE,True,no_production_needed,,1638,5880,0
economy_debug_stage3_180,1,0,3156,157752,TEAM_IDLE,True,no_production_needed,,1638,5880,0
economy_debug_stage3_180,1,0,3162,158056,TEAM_IDLE,True,no_production_needed,,1638,5880,0
economy_debug_stage3_180,1,0,3169,158404,TEAM_IDLE,True,no_production_needed,,1638,5880,0
economy_debug_stage3_180,1,0,3176,158756,TEAM_IDLE,True,no_production_needed,,1638,5880,0
economy_debug_stage3_180,1,0,3183,159104,TEAM_IDLE,True,no_production_needed,,1638,5880,0
economy_debug_stage3_180,1,0,3190,159456,TEAM_IDLE,True,no_production_needed,,1638,5880,0
economy_debug_stage3_180,1,0,3197,159804,TEAM_IDLE,True,no_production_needed,,1638,5880,0
economy_debug_stage3_180,1,0,3204,160152,TEAM_IDLE,True,no_production_needed,,1638,5880,0
economy_debug_stage3_180,1,0,3210,160452,TEAM_IDLE,True,no_production_needed,,1638,5880,0
economy_debug_stage3_180,1,0,3216,160756,TEAM_IDLE,True,no_production_needed,,1638,5880,0
economy_debug_stage3_180,1,0,3223,161108,TEAM_IDLE,True,no_production_needed,,1638,5880,0
economy_debug_stage3_180,1,0,3229,161408,TEAM_IDLE,True,no_production_needed,,1638,5880,0
economy_debug_stage3_180,1,0,3235,161704,TEAM_IDLE,True,no_production_needed,,1638,5880,0
economy_debug_stage3_180,1,0,3242,162056,TEAM_IDLE,True,no_production_needed,,1638,5880,0
economy_debug_stage3_180,1,0,3249,162405,TEAM_IDLE,True,no_production_needed,,1638,5880,0
economy_debug_stage3_180,1,0,3255,162705,TEAM_IDLE,True,no_production_needed,,1638,5880,0
economy_debug_stage3_180,1,0,3261,163005,TEAM_IDLE,True,no_production_needed,,1638,5880,0
economy_debug_stage3_180,1,0,3267,163305,TEAM_IDLE,True,no_production_needed,,1638,5880,0
economy_debug_stage3_180,1,0,3274,163657,TEAM_IDLE,True,no_production_needed,,1638,5880,0
economy_debug_stage3_180,1,0,3281,164005,TEAM_IDLE,True,no_production_needed,,1638,5880,0
economy_debug_stage3_180,1,0,3287,164305,TEAM_IDLE,True,no_production_needed,,1638,5880,0
economy_debug_stage3_180,1,0,3294,164653,TEAM_IDLE,True,no_production_needed,,1638,5880,0
economy_debug_stage3_180,1,0,3300,164957,TEAM_IDLE,True,no_production_needed,,1638,5880,0
economy_debug_stage3_180,1,0,3307,165305,TEAM_IDLE,True,no_production_needed,,1638,5880,0
economy_debug_stage3_180,1,0,3313,165605,TEAM_IDLE,True,no_production_needed,,1638,5880,0
economy_debug_stage3_180,1,0,3319,165905,TEAM_IDLE,True,no_production_needed,,1638,5880,0
economy_debug_stage3_180,1,0,3326,166257,TEAM_IDLE,True,no_production_needed,,1638,5880,0
economy_debug_stage3_180,1,0,3332,166557,TEAM_IDLE,True,no_production_needed,,1638,5880,0
economy_debug_stage3_180,1,0,3339,166905,TEAM_IDLE,True,no_production_needed,,1638,5880,0
economy_debug_stage3_180,1,0,3345,167205,TEAM_IDLE,True,no_production_needed,,1638,5880,0
economy_debug_stage3_180,1,0,3352,167553,TEAM_IDLE,True,no_production_needed,,1638,5880,0
economy_debug_stage3_180,1,0,3358,167853,TEAM_IDLE,True,no_production_needed,,1638,5880,0
economy_debug_stage3_180,1,0,3364,168157,TEAM_IDLE,True,no_production_needed,,1638,5880,0
economy_debug_stage3_180,1,0,3371,168505,PRODUCE_SEMICONDUCTOR,True,ok,,1638,5880,0
economy_debug_stage3_180,1,0,3377,168805,TEAM_IDLE,True,cooldown_active,,1638,5870,0
economy_debug_stage3_180,1,0,3384,169157,TEAM_IDLE,True,cooldown_active,,1638,5870,0
economy_debug_stage3_180,1,0,3391,169505,TEAM_IDLE,True,cooldown_active,,1638,5870,0
economy_debug_stage3_180,1,0,3397,169805,TEAM_IDLE,True,cooldown_active,,1638,5870,0
economy_debug_stage3_180,1,0,3404,170157,TEAM_IDLE,True,cooldown_active,,1638,5870,0
economy_debug_stage3_180,1,0,3410,170457,TEAM_IDLE,True,cooldown_active,,1638,5870,0
economy_debug_stage3_180,1,0,3417,170805,TEAM_IDLE,True,cooldown_active,,1638,5870,0
economy_debug_stage3_180,1,0,3423,171105,TEAM_IDLE,True,factory_busy,,1638,5870,0
economy_debug_stage3_180,1,0,3430,171457,TEAM_IDLE,True,cooldown_active,,1638,5870,0
economy_debug_stage3_180,1,0,3437,171805,TEAM_IDLE,True,cooldown_active,,1638,5870,0
economy_debug_stage3_180,1,0,3443,172105,TEAM_IDLE,True,cooldown_active,,1872,5870,0
economy_debug_stage3_180,1,0,3450,172457,TEAM_IDLE,True,cooldown_active,,1872,5870,0
economy_debug_stage3_180,1,0,3457,172805,TEAM_IDLE,True,cooldown_active,,1872,5870,0
economy_debug_stage3_180,1,0,3464,173157,TEAM_IDLE,True,cooldown_active,,1872,5870,0
economy_debug_stage3_180,1,0,3471,173505,TEAM_IDLE,True,cooldown_active,,1872,5870,0
economy_debug_stage3_180,1,0,3477,173805,TEAM_IDLE,True,no_production_needed,,1872,5870,0
economy_debug_stage3_180,1,0,3484,174157,TEAM_IDLE,True,no_production_needed,,1872,5870,0
economy_debug_stage3_180,1,0,3491,174505,TEAM_IDLE,True,no_production_needed,,1872,5870,0
economy_debug_stage3_180,1,0,3497,174805,TEAM_IDLE,True,no_production_needed,,1872,5870,0
economy_debug_stage3_180,1,0,3504,175157,TEAM_IDLE,True,no_production_needed,,1872,5870,0
economy_debug_stage3_180,1,0,3511,175505,TEAM_IDLE,True,no_production_needed,,1872,5870,0
economy_debug_stage3_180,1,0,3518,175853,TEAM_IDLE,True,no_production_needed,,1872,5870,0
economy_debug_stage3_180,1,0,3524,176157,TEAM_IDLE,True,no_production_needed,,1872,5870,0
economy_debug_stage3_180,1,0,3531,176505,TEAM_IDLE,True,no_production_needed,,1872,5870,0
economy_debug_stage3_180,1,0,3537,176805,TEAM_IDLE,True,no_production_needed,,1872,5870,0
economy_debug_stage3_180,1,0,3543,177105,TEAM_IDLE,True,no_production_needed,,1872,5870,0
economy_debug_stage3_180,1,0,3550,177457,TEAM_IDLE,True,no_production_needed,,1872,5870,0
economy_debug_stage3_180,1,0,3556,177757,TEAM_IDLE,True,no_production_needed,,1872,5870,0
economy_debug_stage3_180,1,0,3563,178105,TEAM_IDLE,True,no_production_needed,,1872,5870,0
economy_debug_stage3_180,1,0,3569,178405,TEAM_IDLE,True,no_production_needed,,1872,5870,0
economy_debug_stage3_180,1,0,3575,178705,TEAM_IDLE,True,no_production_needed,,1872,5870,0
economy_debug_stage3_180,1,0,3581,179005,TEAM_IDLE,True,no_production_needed,,1872,5870,0
economy_debug_stage3_180,1,0,3588,179357,TEAM_IDLE,True,no_production_needed,,1872,5870,0
economy_debug_stage3_180,1,0,3594,179657,TEAM_IDLE,True,no_production_needed,,1872,5870,0
economy_debug_stage3_180,1,0,-1,179905,TEAM_IDLE,True,no_production_needed,,1872,5870,0
economy_debug_stage3_180,1,1,1,220,GO_RESOURCE,True,,MOVE_TO_RESOURCE,0,0,0
economy_debug_stage3_180,1,1,8,553,GO_RESOURCE,True,,MOVE_TO_RESOURCE,0,0,0
economy_debug_stage3_180,1,1,14,853,GO_RESOURCE,True,,MOVE_TO_RESOURCE,0,0,0
economy_debug_stage3_180,1,1,20,1157,GO_RESOURCE,True,,MOVE_TO_RESOURCE,0,0,0
economy_debug_stage3_180,1,1,27,1505,GO_RESOURCE,True,,MOVE_TO_RESOURCE,0,0,0
economy_debug_stage3_180,1,1,33,1805,GO_RESOURCE,True,,MOVE_TO_RESOURCE,0,0,0
economy_debug_stage3_180,1,1,40,2157,IDLE,True,no_target,ALIGN_RESOURCE,0,0,0
economy_debug_stage3_180,1,1,47,2505,HARVEST,True,ok,WAIT_HARVEST,0,0,0
economy_debug_stage3_180,1,1,54,2857,WAIT_BUSY,True,character_busy,WAIT_HARVEST,0,176,0
economy_debug_stage3_180,1,1,61,3205,WAIT_BUSY,True,character_busy,WAIT_HARVEST,0,386,0
economy_debug_stage3_180,1,1,67,3505,WAIT_BUSY,True,character_busy,WAIT_HARVEST,0,572,0
economy_debug_stage3_180,1,1,74,3857,GO_FACTORY,True,,RETURN_FACTORY,0,740,0
economy_debug_stage3_180,1,1,81,4205,GO_FACTORY,True,,RETURN_FACTORY,0,740,0
economy_debug_stage3_180,1,1,87,4505,GO_FACTORY,True,,RETURN_FACTORY,0,740,0
economy_debug_stage3_180,1,1,94,4853,GO_FACTORY,True,,RETURN_FACTORY,0,740,0
economy_debug_stage3_180,1,1,100,5157,GO_FACTORY,True,,RETURN_FACTORY,0,740,0
economy_debug_stage3_180,1,1,107,5505,GO_FACTORY,True,,RETURN_FACTORY,0,740,0
economy_debug_stage3_180,1,1,114,5853,GO_FACTORY,True,,RETURN_FACTORY,0,740,0
economy_debug_stage3_180,1,1,120,6157,IDLE,True,no_target,ALIGN_FACTORY,0,740,0
economy_debug_stage3_180,1,1,127,6505,IDLE,True,no_target,WAIT_PRODUCTION,0,740,0
economy_debug_stage3_180,1,1,134,6857,IDLE,True,no_target,WAIT_PRODUCTION,0,740,0
economy_debug_stage3_180,1,1,141,7205,IDLE,True,no_target,WAIT_PRODUCTION,0,740,0
economy_debug_stage3_180,1,1,147,7505,IDLE,True,no_target,WAIT_PRODUCTION,0,740,0
economy_debug_stage3_180,1,1,154,7857,LOAD_GOODS,True,ok,SELECT_MARKET,0,740,0
economy_debug_stage3_180,1,1,161,8205,GO_MARKET,True,,MOVE_TO_MARKET,0,730,1
economy_debug_stage3_180,1,1,168,8557,GO_MARKET,True,,MOVE_TO_MARKET,0,730,1
economy_debug_stage3_180,1,1,174,8857,GO_MARKET,True,,MOVE_TO_MARKET,0,730,1
economy_debug_stage3_180,1,1,181,9205,GO_MARKET,True,,MOVE_TO_MARKET,0,730,1
economy_debug_stage3_180,1,1,187,9505,GO_MARKET,True,,MOVE_TO_MARKET,0,730,1
economy_debug_stage3_180,1,1,193,9805,GO_MARKET,True,,MOVE_TO_MARKET,0,730,1
economy_debug_stage3_180,1,1,200,10153,GO_MARKET,True,,MOVE_TO_MARKET,0,730,1
economy_debug_stage3_180,1,1,206,10457,GO_MARKET,True,,MOVE_TO_MARKET,0,730,1
economy_debug_stage3_180,1,1,212,10757,GO_MARKET,True,,MOVE_TO_MARKET,0,730,1
economy_debug_stage3_180,1,1,219,11101,IDLE,True,no_target,ALIGN_MARKET,0,730,1
economy_debug_stage3_180,1,1,225,11405,SELL_GOODS,True,ok,SELECT_RESOURCE,0,730,1
economy_debug_stage3_180,1,1,231,11705,GO_RESOURCE,True,,MOVE_TO_RESOURCE,234,730,0
economy_debug_stage3_180,1,1,237,12005,GO_RESOURCE,True,,MOVE_TO_RESOURCE,234,730,0
economy_debug_stage3_180,1,1,243,12305,GO_RESOURCE,True,,MOVE_TO_RESOURCE,234,730,0
economy_debug_stage3_180,1,1,250,12653,GO_RESOURCE,True,,MOVE_TO_RESOURCE,234,730,0
economy_debug_stage3_180,1,1,256,12957,GO_RESOURCE,True,,MOVE_TO_RESOURCE,234,730,0
economy_debug_stage3_180,1,1,263,13305,GO_RESOURCE,True,,MOVE_TO_RESOURCE,234,720,0
economy_debug_stage3_180,1,1,269,13605,GO_RESOURCE,True,,MOVE_TO_RESOURCE,234,720,0
economy_debug_stage3_180,1,1,276,13957,IDLE,True,no_target,ALIGN_RESOURCE,234,720,0
economy_debug_stage3_180,1,1,283,14305,HARVEST,True,ok,WAIT_HARVEST,234,720,0
economy_debug_stage3_180,1,1,289,14605,WAIT_BUSY,True,character_busy,WAIT_HARVEST,234,888,0
economy_debug_stage3_180,1,1,295,14905,WAIT_BUSY,True,character_busy,WAIT_HARVEST,234,1068,0
economy_debug_stage3_180,1,1,302,15253,WAIT_BUSY,True,character_busy,WAIT_HARVEST,234,1278,0
economy_debug_stage3_180,1,1,308,15557,WAIT_BUSY,True,character_busy,WAIT_HARVEST,234,1458,0
economy_debug_stage3_180,1,1,314,15857,GO_FACTORY,True,,RETURN_FACTORY,234,1470,0
economy_debug_stage3_180,1,1,321,16201,GO_FACTORY,True,,RETURN_FACTORY,234,1470,0
economy_debug_stage3_180,1,1,327,16505,GO_FACTORY,True,,RETURN_FACTORY,234,1470,0
economy_debug_stage3_180,1,1,333,16805,GO_FACTORY,True,,RETURN_FACTORY,234,1470,0
economy_debug_stage3_180,1,1,339,17105,GO_FACTORY,True,,RETURN_FACTORY,234,1470,0
economy_debug_stage3_180,1,1,345,17405,GO_FACTORY,True,,RETURN_FACTORY,234,1470,0
economy_debug_stage3_180,1,1,351,17705,GO_FACTORY,True,,RETURN_FACTORY,234,1470,0
economy_debug_stage3_180,1,1,358,18053,GO_FACTORY,True,,RETURN_FACTORY,234,1470,0
economy_debug_stage3_180,1,1,364,18357,GO_FACTORY,True,,RETURN_FACTORY,234,1470,0
economy_debug_stage3_180,1,1,370,18657,GO_FACTORY,True,,RETURN_FACTORY,234,1460,0
economy_debug_stage3_180,1,1,377,19001,GO_FACTORY,True,,RETURN_FACTORY,234,1460,0
economy_debug_stage3_180,1,1,383,19302,GO_FACTORY,True,,RETURN_FACTORY,234,1460,0
economy_debug_stage3_180,1,1,390,19654,GO_FACTORY,True,,RETURN_FACTORY,234,1460,0
economy_debug_stage3_180,1,1,396,19958,GO_FACTORY,True,,RETURN_FACTORY,234,1460,0
economy_debug_stage3_180,1,1,403,20306,GO_FACTORY,True,,RETURN_FACTORY,234,1460,0
economy_debug_stage3_180,1,1,409,20602,GO_FACTORY,True,,RETURN_FACTORY,234,1460,0
economy_debug_stage3_180,1,1,416,20954,IDLE,True,no_target,ALIGN_FACTORY,234,1460,0
economy_debug_stage3_180,1,1,422,21254,LOAD_GOODS,True,ok,SELECT_MARKET,234,1460,0
economy_debug_stage3_180,1,1,429,21606,GO_MARKET,True,,MOVE_TO_MARKET,234,1460,1
economy_debug_stage3_180,1,1,436,21954,GO_MARKET,True,,MOVE_TO_MARKET,234,1460,1
economy_debug_stage3_180,1,1,442,22258,GO_MARKET,True,,MOVE_TO_MARKET,234,1460,1
economy_debug_stage3_180,1,1,449,22606,GO_MARKET,True,,MOVE_TO_MARKET,234,1460,1
economy_debug_stage3_180,1,1,456,22954,GO_MARKET,True,,MOVE_TO_MARKET,234,1460,1
economy_debug_stage3_180,1,1,463,23306,GO_MARKET,True,,MOVE_TO_MARKET,234,1460,1
economy_debug_stage3_180,1,1,470,23654,GO_MARKET,True,,MOVE_TO_MARKET,234,1460,1
economy_debug_stage3_180,1,1,477,24002,GO_MARKET,True,,MOVE_TO_MARKET,234,1450,1
economy_debug_stage3_180,1,1,483,24306,GO_MARKET,True,,MOVE_TO_MARKET,234,1450,1
economy_debug_stage3_180,1,1,490,24654,IDLE,True,no_target,ALIGN_MARKET,234,1450,1
economy_debug_stage3_180,1,1,497,25006,SELL_GOODS,True,ok,SELECT_RESOURCE,234,1450,1
economy_debug_stage3_180,1,1,504,25354,GO_RESOURCE,True,,MOVE_TO_RESOURCE,468,1450,0
economy_debug_stage3_180,1,1,511,25702,GO_RESOURCE,True,,MOVE_TO_RESOURCE,468,1450,0
economy_debug_stage3_180,1,1,517,26006,GO_RESOURCE,True,,MOVE_TO_RESOURCE,468,1450,0
economy_debug_stage3_180,1,1,524,26354,GO_RESOURCE,True,,MOVE_TO_RESOURCE,468,1450,0
economy_debug_stage3_180,1,1,531,26706,GO_RESOURCE,True,,MOVE_TO_RESOURCE,468,1450,0
economy_debug_stage3_180,1,1,538,27058,GO_RESOURCE,True,,MOVE_TO_RESOURCE,468,1450,0
economy_debug_stage3_180,1,1,545,27402,GO_RESOURCE,True,,MOVE_TO_RESOURCE,468,1450,0
economy_debug_stage3_180,1,1,551,27706,GO_RESOURCE,True,,MOVE_TO_RESOURCE,468,1450,0
economy_debug_stage3_180,1,1,558,28054,GO_RESOURCE,True,,MOVE_TO_RESOURCE,468,1450,0
economy_debug_stage3_180,1,1,565,28402,GO_RESOURCE,True,,MOVE_TO_RESOURCE,468,1450,0
economy_debug_stage3_180,1,1,571,28706,GO_RESOURCE,True,,MOVE_TO_RESOURCE,468,1450,0
economy_debug_stage3_180,1,1,578,29054,GO_RESOURCE,True,,MOVE_TO_RESOURCE,468,1450,0
economy_debug_stage3_180,1,1,585,29406,GO_RESOURCE,True,,MOVE_TO_RESOURCE,468,1440,0
economy_debug_stage3_180,1,1,592,29758,GO_RESOURCE,True,,MOVE_TO_RESOURCE,468,1440,0
economy_debug_stage3_180,1,1,599,30102,GO_RESOURCE,True,,MOVE_TO_RESOURCE,468,1440,0
economy_debug_stage3_180,1,1,605,30406,GO_RESOURCE,True,,MOVE_TO_RESOURCE,468,1440,0
economy_debug_stage3_180,1,1,612,30754,GO_RESOURCE,True,,MOVE_TO_RESOURCE,468,1440,0
economy_debug_stage3_180,1,1,619,31102,GO_RESOURCE,True,,MOVE_TO_RESOURCE,468,1440,0
economy_debug_stage3_180,1,1,625,31406,IDLE,True,no_target,ALIGN_RESOURCE,468,1440,0
economy_debug_stage3_180,1,1,632,31754,HARVEST,True,ok,WAIT_HARVEST,468,1440,0
economy_debug_stage3_180,1,1,639,32106,WAIT_BUSY,True,character_busy,WAIT_HARVEST,468,1632,0
economy_debug_stage3_180,1,1,645,32406,WAIT_BUSY,True,character_busy,WAIT_HARVEST,468,1812,0
economy_debug_stage3_180,1,1,652,32754,WAIT_BUSY,True,character_busy,WAIT_HARVEST,468,2022,0
economy_debug_stage3_180,1,1,659,33102,GO_FACTORY,True,,RETURN_FACTORY,468,2190,0
economy_debug_stage3_180,1,1,665,33406,GO_FACTORY,True,,RETURN_FACTORY,468,2190,0
economy_debug_stage3_180,1,1,672,33754,GO_FACTORY,True,,RETURN_FACTORY,468,2190,0
economy_debug_stage3_180,1,1,679,34106,GO_FACTORY,True,,RETURN_FACTORY,468,2190,0
economy_debug_stage3_180,1,1,686,34454,GO_FACTORY,True,,RETURN_FACTORY,468,2190,0
economy_debug_stage3_180,1,1,692,34754,GO_FACTORY,True,,RETURN_FACTORY,468,2180,0
economy_debug_stage3_180,1,1,699,35102,GO_FACTORY,True,,RETURN_FACTORY,468,2180,0
economy_debug_stage3_180,1,1,705,35406,GO_FACTORY,True,,RETURN_FACTORY,468,2180,0
economy_debug_stage3_180,1,1,712,35754,GO_FACTORY,True,,RETURN_FACTORY,468,2180,0
economy_debug_stage3_180,1,1,718,36054,GO_FACTORY,True,,RETURN_FACTORY,468,2180,0
economy_debug_stage3_180,1,1,725,36402,GO_FACTORY,True,,RETURN_FACTORY,468,2180,0
economy_debug_stage3_180,1,1,731,36706,GO_FACTORY,True,,RETURN_FACTORY,468,2180,0
economy_debug_stage3_180,1,1,738,37054,GO_FACTORY,True,,RETURN_FACTORY,468,2180,0
economy_debug_stage3_180,1,1,745,37402,GO_FACTORY,True,,RETURN_FACTORY,468,2180,0
economy_debug_stage3_180,1,1,751,37710,GO_FACTORY,True,,RETURN_FACTORY,468,2180,0
economy_debug_stage3_180,1,1,758,38055,GO_FACTORY,True,,RETURN_FACTORY,468,2180,0
economy_debug_stage3_180,1,1,765,38407,GO_FACTORY,True,,RETURN_FACTORY,468,2180,0
economy_debug_stage3_180,1,1,771,38707,GO_FACTORY,True,,RETURN_FACTORY,468,2180,0
economy_debug_stage3_180,1,1,778,39051,GO_FACTORY,True,,RETURN_FACTORY,468,2180,0
economy_debug_stage3_180,1,1,784,39355,GO_FACTORY,True,,RETURN_FACTORY,468,2180,0
economy_debug_stage3_180,1,1,790,39655,GO_FACTORY,True,,RETURN_FACTORY,468,2180,0
economy_debug_stage3_180,1,1,796,39955,GO_FACTORY,True,,RETURN_FACTORY,468,2180,0
economy_debug_stage3_180,1,1,802,40255,GO_FACTORY,True,,RETURN_FACTORY,468,2180,0
economy_debug_stage3_180,1,1,809,40607,GO_FACTORY,True,,RETURN_FACTORY,468,2180,0
economy_debug_stage3_180,1,1,815,40907,GO_FACTORY,True,,RETURN_FACTORY,468,2180,0
economy_debug_stage3_180,1,1,822,41255,GO_FACTORY,True,,RETURN_FACTORY,468,2180,0
economy_debug_stage3_180,1,1,828,41555,GO_FACTORY,True,,RETURN_FACTORY,468,2180,0
economy_debug_stage3_180,1,1,834,41855,IDLE,True,no_target,ALIGN_FACTORY,468,2180,0
economy_debug_stage3_180,1,1,840,42155,LOAD_GOODS,True,ok,SELECT_MARKET,468,2180,0
economy_debug_stage3_180,1,1,846,42455,GO_MARKET,True,,MOVE_TO_MARKET,468,2170,1
economy_debug_stage3_180,1,1,853,42807,GO_MARKET,True,,MOVE_TO_MARKET,468,2170,1
economy_debug_stage3_180,1,1,859,43107,GO_MARKET,True,,MOVE_TO_MARKET,468,2170,1
economy_debug_stage3_180,1,1,866,43455,GO_MARKET,True,,MOVE_TO_MARKET,468,2170,1
economy_debug_stage3_180,1,1,872,43755,GO_MARKET,True,,MOVE_TO_MARKET,468,2170,1
economy_debug_stage3_180,1,1,878,44055,GO_MARKET,True,,MOVE_TO_MARKET,468,2170,1
economy_debug_stage3_180,1,1,885,44407,GO_MARKET,True,,MOVE_TO_MARKET,468,2170,1
economy_debug_stage3_180,1,1,892,44755,GO_MARKET,True,,MOVE_TO_MARKET,468,2170,1
economy_debug_stage3_180,1,1,898,45055,GO_MARKET,True,,MOVE_TO_MARKET,468,2170,1
economy_debug_stage3_180,1,1,904,45355,IDLE,True,no_target,ALIGN_MARKET,468,2170,1
economy_debug_stage3_180,1,1,911,45707,SELL_GOODS,True,ok,SELECT_RESOURCE,468,2170,1
economy_debug_stage3_180,1,1,918,46055,GO_RESOURCE,True,,MOVE_TO_RESOURCE,702,2170,0
economy_debug_stage3_180,1,1,925,46407,GO_RESOURCE,True,,MOVE_TO_RESOURCE,702,2170,0
economy_debug_stage3_180,1,1,932,46755,GO_RESOURCE,True,,MOVE_TO_RESOURCE,702,2170,0
economy_debug_stage3_180,1,1,938,47055,GO_RESOURCE,True,,MOVE_TO_RESOURCE,702,2170,0
economy_debug_stage3_180,1,1,944,47355,GO_RESOURCE,True,,MOVE_TO_RESOURCE,702,2170,0
economy_debug_stage3_180,1,1,950,47655,GO_RESOURCE,True,,MOVE_TO_RESOURCE,702,2170,0
economy_debug_stage3_180,1,1,957,48007,GO_RESOURCE,True,,MOVE_TO_RESOURCE,702,2170,0
economy_debug_stage3_180,1,1,963,48307,GO_RESOURCE,True,,MOVE_TO_RESOURCE,702,2170,0
economy_debug_stage3_180,1,1,969,48607,GO_RESOURCE,True,,MOVE_TO_RESOURCE,702,2170,0
economy_debug_stage3_180,1,1,976,48951,GO_RESOURCE,True,,MOVE_TO_RESOURCE,702,2170,0
economy_debug_stage3_180,1,1,982,49255,GO_RESOURCE,True,,MOVE_TO_RESOURCE,702,2170,0
economy_debug_stage3_180,1,1,988,49555,GO_RESOURCE,True,,MOVE_TO_RESOURCE,702,2170,0
economy_debug_stage3_180,1,1,994,49855,GO_RESOURCE,True,,MOVE_TO_RESOURCE,702,2170,0
economy_debug_stage3_180,1,1,1001,50203,GO_RESOURCE,True,,MOVE_TO_RESOURCE,702,2170,0
economy_debug_stage3_180,1,1,1007,50507,GO_RESOURCE,True,,MOVE_TO_RESOURCE,702,2170,0
economy_debug_stage3_180,1,1,1014,50855,GO_RESOURCE,True,,MOVE_TO_RESOURCE,702,2170,0
economy_debug_stage3_180,1,1,1020,51155,GO_RESOURCE,True,,MOVE_TO_RESOURCE,702,2170,0
economy_debug_stage3_180,1,1,1027,51503,IDLE,True,no_target,ALIGN_RESOURCE,702,2170,0
economy_debug_stage3_180,1,1,1033,51807,HARVEST,True,ok,WAIT_HARVEST,702,2170,0
economy_debug_stage3_180,1,1,1040,52155,WAIT_BUSY,True,character_busy,WAIT_HARVEST,702,2362,0
economy_debug_stage3_180,1,1,1046,52455,WAIT_BUSY,True,character_busy,WAIT_HARVEST,702,2542,0
economy_debug_stage3_180,1,1,1052,52755,WAIT_BUSY,True,character_busy,WAIT_HARVEST,702,2728,0
economy_debug_stage3_180,1,1,1059,53107,GO_FACTORY,True,,RETURN_FACTORY,702,2920,0
economy_debug_stage3_180,1,1,1065,53403,GO_FACTORY,True,,RETURN_FACTORY,702,2920,0
economy_debug_stage3_180,1,1,1072,53755,GO_FACTORY,True,,RETURN_FACTORY,702,2920,0
economy_debug_stage3_180,1,1,1078,54055,GO_FACTORY,True,,RETURN_FACTORY,702,2920,0
economy_debug_stage3_180,1,1,1085,54403,GO_FACTORY,True,,RETURN_FACTORY,702,2920,0
economy_debug_stage3_180,1,1,1092,54755,GO_FACTORY,True,,RETURN_FACTORY,702,2920,0
economy_debug_stage3_180,1,1,1098,55055,GO_FACTORY,True,,RETURN_FACTORY,702,2920,0
economy_debug_stage3_180,1,1,1105,55407,GO_FACTORY,True,,RETURN_FACTORY,702,2920,0
economy_debug_stage3_180,1,1,1112,55755,GO_FACTORY,True,,RETURN_FACTORY,702,2920,0
economy_debug_stage3_180,1,1,1118,56055,GO_FACTORY,True,,RETURN_FACTORY,702,2920,0
economy_debug_stage3_180,1,1,1125,56407,GO_FACTORY,True,,RETURN_FACTORY,702,2920,0
economy_debug_stage3_180,1,1,1132,56755,GO_FACTORY,True,,RETURN_FACTORY,702,2920,0
economy_debug_stage3_180,1,1,1138,57055,GO_FACTORY,True,,RETURN_FACTORY,702,2920,0
economy_debug_stage3_180,1,1,1145,57407,GO_FACTORY,True,,RETURN_FACTORY,702,2920,0
economy_debug_stage3_180,1,1,1151,57704,GO_FACTORY,True,,RETURN_FACTORY,702,2920,0
economy_debug_stage3_180,1,1,1157,58004,GO_FACTORY,True,,RETURN_FACTORY,702,2920,0
economy_debug_stage3_180,1,1,1164,58356,GO_FACTORY,True,,RETURN_FACTORY,702,2920,0
economy_debug_stage3_180,1,1,1170,58656,GO_FACTORY,True,,RETURN_FACTORY,702,2920,0
economy_debug_stage3_180,1,1,1177,59004,GO_FACTORY,True,,RETURN_FACTORY,702,2920,0
economy_debug_stage3_180,1,1,1183,59304,GO_FACTORY,True,,RETURN_FACTORY,702,2920,0
economy_debug_stage3_180,1,1,1190,59656,GO_FACTORY,True,,RETURN_FACTORY,702,2920,0
economy_debug_stage3_180,1,1,1196,59956,GO_FACTORY,True,,RETURN_FACTORY,702,2920,0
economy_debug_stage3_180,1,1,1203,60308,GO_FACTORY,True,,RETURN_FACTORY,702,2920,0
economy_debug_stage3_180,1,1,1210,60652,GO_FACTORY,True,,RETURN_FACTORY,702,2920,0
economy_debug_stage3_180,1,1,1216,60956,GO_FACTORY,True,,RETURN_FACTORY,702,2920,0
economy_debug_stage3_180,1,1,1222,61256,GO_FACTORY,True,,RETURN_FACTORY,702,2920,0
economy_debug_stage3_180,1,1,1228,61556,IDLE,True,no_target,ALIGN_FACTORY,702,2920,0
economy_debug_stage3_180,1,1,1235,61904,LOAD_GOODS,True,ok,SELECT_MARKET,702,2920,0
economy_debug_stage3_180,1,1,1242,62256,GO_MARKET,True,,MOVE_TO_MARKET,702,2910,1
economy_debug_stage3_180,1,1,1249,62604,GO_MARKET,True,,MOVE_TO_MARKET,702,2910,1
economy_debug_stage3_180,1,1,1255,62904,GO_MARKET,True,,MOVE_TO_MARKET,702,2910,1
economy_debug_stage3_180,1,1,1262,63256,GO_MARKET,True,,MOVE_TO_MARKET,702,2910,1
economy_debug_stage3_180,1,1,1269,63604,GO_MARKET,True,,MOVE_TO_MARKET,702,2910,1
economy_debug_stage3_180,1,1,1275,63904,GO_MARKET,True,,MOVE_TO_MARKET,702,2910,1
economy_debug_stage3_180,1,1,1282,64252,GO_MARKET,True,,MOVE_TO_MARKET,702,2910,1
economy_debug_stage3_180,1,1,1288,64556,GO_MARKET,True,,MOVE_TO_MARKET,702,2910,1
economy_debug_stage3_180,1,1,1295,64904,GO_MARKET,True,,MOVE_TO_MARKET,702,2910,1
economy_debug_stage3_180,1,1,1301,65204,IDLE,True,no_target,ALIGN_MARKET,702,2910,1
economy_debug_stage3_180,1,1,1308,65556,SELL_GOODS,True,ok,SELECT_RESOURCE,702,2910,1
economy_debug_stage3_180,1,1,1314,65856,GO_RESOURCE,True,,MOVE_TO_RESOURCE,936,2910,0
economy_debug_stage3_180,1,1,1321,66208,GO_RESOURCE,True,,MOVE_TO_RESOURCE,936,2910,0
economy_debug_stage3_180,1,1,1327,66504,GO_RESOURCE,True,,MOVE_TO_RESOURCE,936,2910,0
economy_debug_stage3_180,1,1,1333,66808,GO_RESOURCE,True,,MOVE_TO_RESOURCE,936,2910,0
economy_debug_stage3_180,1,1,1340,67156,GO_RESOURCE,True,,MOVE_TO_RESOURCE,936,2910,0
economy_debug_stage3_180,1,1,1346,67456,GO_RESOURCE,True,,MOVE_TO_RESOURCE,936,2910,0
economy_debug_stage3_180,1,1,1352,67756,GO_RESOURCE,True,,MOVE_TO_RESOURCE,936,2910,0
economy_debug_stage3_180,1,1,1359,68108,GO_RESOURCE,True,,MOVE_TO_RESOURCE,936,2910,0
economy_debug_stage3_180,1,1,1365,68408,GO_RESOURCE,True,,MOVE_TO_RESOURCE,936,2910,0
economy_debug_stage3_180,1,1,1372,68752,GO_RESOURCE,True,,MOVE_TO_RESOURCE,936,2910,0
economy_debug_stage3_180,1,1,1378,69056,GO_RESOURCE,True,,MOVE_TO_RESOURCE,936,2910,0
economy_debug_stage3_180,1,1,1384,69356,GO_RESOURCE,True,,MOVE_TO_RESOURCE,936,2910,0
economy_debug_stage3_180,1,1,1390,69656,GO_RESOURCE,True,,MOVE_TO_RESOURCE,936,2910,0
economy_debug_stage3_180,1,1,1397,70004,GO_RESOURCE,True,,MOVE_TO_RESOURCE,936,2910,0
economy_debug_stage3_180,1,1,1404,70356,GO_RESOURCE,True,,MOVE_TO_RESOURCE,936,2910,0
economy_debug_stage3_180,1,1,1410,70656,GO_RESOURCE,True,,MOVE_TO_RESOURCE,936,2910,0
economy_debug_stage3_180,1,1,1417,71008,GO_RESOURCE,True,,MOVE_TO_RESOURCE,936,2910,0
economy_debug_stage3_180,1,1,1423,71308,GO_RESOURCE,True,,MOVE_TO_RESOURCE,936,2910,0
economy_debug_stage3_180,1,1,1430,71652,GO_RESOURCE,True,,MOVE_TO_RESOURCE,936,2910,0
economy_debug_stage3_180,1,1,1437,72004,GO_RESOURCE,True,,MOVE_TO_RESOURCE,936,2910,0
economy_debug_stage3_180,1,1,1443,72304,IDLE,True,no_target,ALIGN_RESOURCE,936,2910,0
economy_debug_stage3_180,1,1,1449,72604,HARVEST,True,ok,WAIT_HARVEST,936,2910,0
economy_debug_stage3_180,1,1,1456,72956,WAIT_BUSY,True,character_busy,WAIT_HARVEST,936,3108,0
economy_debug_stage3_180,1,1,1462,73256,WAIT_BUSY,True,character_busy,WAIT_HARVEST,936,3288,0
economy_debug_stage3_180,1,1,1469,73608,WAIT_BUSY,True,character_busy,WAIT_HARVEST,936,3498,0
economy_debug_stage3_180,1,1,1476,73956,GO_FACTORY,True,,RETURN_FACTORY,936,3660,0
economy_debug_stage3_180,1,1,1482,74252,GO_FACTORY,True,,RETURN_FACTORY,936,3660,0
economy_debug_stage3_180,1,1,1488,74552,GO_FACTORY,True,,RETURN_FACTORY,936,3660,0
economy_debug_stage3_180,1,1,1494,74856,GO_FACTORY,True,,RETURN_FACTORY,936,3660,0
economy_debug_stage3_180,1,1,1500,75156,GO_FACTORY,True,,RETURN_FACTORY,936,3660,0
economy_debug_stage3_180,1,1,1506,75452,GO_FACTORY,True,,RETURN_FACTORY,936,3660,0
economy_debug_stage3_180,1,1,1512,75756,GO_FACTORY,True,,RETURN_FACTORY,936,3660,0
economy_debug_stage3_180,1,1,1519,76104,GO_FACTORY,True,,RETURN_FACTORY,936,3660,0
economy_debug_stage3_180,1,1,1526,76456,GO_FACTORY,True,,RETURN_FACTORY,936,3660,0
economy_debug_stage3_180,1,1,1532,76756,GO_FACTORY,True,,RETURN_FACTORY,936,3660,0
economy_debug_stage3_180,1,1,1539,77104,GO_FACTORY,True,,RETURN_FACTORY,936,3660,0
economy_debug_stage3_180,1,1,1546,77457,GO_FACTORY,True,,RETURN_FACTORY,936,3660,0
economy_debug_stage3_180,1,1,1553,77805,GO_FACTORY,True,,RETURN_FACTORY,936,3660,0
economy_debug_stage3_180,1,1,1560,78157,GO_FACTORY,True,,RETURN_FACTORY,936,3660,0
economy_debug_stage3_180,1,1,1567,78501,GO_FACTORY,True,,RETURN_FACTORY,936,3660,0
economy_debug_stage3_180,1,1,1573,78805,GO_FACTORY,True,,RETURN_FACTORY,936,3660,0
economy_debug_stage3_180,1,1,1579,79105,GO_FACTORY,True,,RETURN_FACTORY,936,3660,0
economy_debug_stage3_180,1,1,1585,79405,GO_FACTORY,True,,RETURN_FACTORY,936,3660,0
economy_debug_stage3_180,1,1,1591,79705,GO_FACTORY,True,,RETURN_FACTORY,936,3660,0
economy_debug_stage3_180,1,1,1597,80005,GO_FACTORY,True,,RETURN_FACTORY,936,3660,0
economy_debug_stage3_180,1,1,1604,80353,GO_FACTORY,True,,RETURN_FACTORY,936,3660,0
economy_debug_stage3_180,1,1,1610,80657,GO_FACTORY,True,,RETURN_FACTORY,936,3660,0
economy_debug_stage3_180,1,1,1616,80957,GO_FACTORY,True,,RETURN_FACTORY,936,3660,0
economy_debug_stage3_180,1,1,1623,81305,GO_FACTORY,True,,RETURN_FACTORY,936,3660,0
economy_debug_stage3_180,1,1,1630,81657,GO_FACTORY,True,,RETURN_FACTORY,936,3660,0
economy_debug_stage3_180,1,1,1636,81957,GO_FACTORY,True,,RETURN_FACTORY,936,3660,0
economy_debug_stage3_180,1,1,1642,82257,GO_FACTORY,True,,RETURN_FACTORY,936,3660,0
economy_debug_stage3_180,1,1,1649,82605,GO_FACTORY,True,,RETURN_FACTORY,936,3660,0
economy_debug_stage3_180,1,1,1655,82905,GO_FACTORY,True,,RETURN_FACTORY,936,3660,0
economy_debug_stage3_180,1,1,1661,83205,IDLE,True,no_target,ALIGN_FACTORY,936,3660,0
economy_debug_stage3_180,1,1,1667,83505,LOAD_GOODS,True,ok,SELECT_MARKET,936,3660,0
economy_debug_stage3_180,1,1,1673,83805,GO_MARKET,True,,MOVE_TO_MARKET,936,3660,1
economy_debug_stage3_180,1,1,1680,84157,GO_MARKET,True,,MOVE_TO_MARKET,936,3650,1
economy_debug_stage3_180,1,1,1686,84457,GO_MARKET,True,,MOVE_TO_MARKET,936,3650,1
economy_debug_stage3_180,1,1,1692,84757,GO_MARKET,True,,MOVE_TO_MARKET,936,3650,1
economy_debug_stage3_180,1,1,1699,85101,GO_MARKET,True,,MOVE_TO_MARKET,936,3650,1
economy_debug_stage3_180,1,1,1705,85405,GO_MARKET,True,,MOVE_TO_MARKET,936,3650,1
economy_debug_stage3_180,1,1,1711,85705,GO_MARKET,True,,MOVE_TO_MARKET,936,3650,1
economy_debug_stage3_180,1,1,1717,86005,GO_MARKET,True,,MOVE_TO_MARKET,936,3650,1
economy_debug_stage3_180,1,1,1723,86305,GO_MARKET,True,,MOVE_TO_MARKET,936,3650,1
economy_debug_stage3_180,1,1,1729,86605,IDLE,True,no_target,ALIGN_MARKET,936,3650,1
economy_debug_stage3_180,1,1,1735,86905,SELL_GOODS,True,ok,SELECT_RESOURCE,936,3650,1
economy_debug_stage3_180,1,1,1742,87253,GO_RESOURCE,True,,MOVE_TO_RESOURCE,1170,3650,0
economy_debug_stage3_180,1,1,1748,87557,GO_RESOURCE,True,,MOVE_TO_RESOURCE,1170,3650,0
economy_debug_stage3_180,1,1,1754,87857,GO_RESOURCE,True,,MOVE_TO_RESOURCE,1170,3650,0
economy_debug_stage3_180,1,1,1761,88205,GO_RESOURCE,True,,MOVE_TO_RESOURCE,1170,3650,0
economy_debug_stage3_180,1,1,1768,88557,GO_RESOURCE,True,,MOVE_TO_RESOURCE,1170,3650,0
economy_debug_stage3_180,1,1,1774,88857,GO_RESOURCE,True,,MOVE_TO_RESOURCE,1170,3650,0
economy_debug_stage3_180,1,1,1780,89157,GO_RESOURCE,True,,MOVE_TO_RESOURCE,1170,3650,0
economy_debug_stage3_180,1,1,1787,89501,GO_RESOURCE,True,,MOVE_TO_RESOURCE,1170,3650,0
economy_debug_stage3_180,1,1,1793,89805,GO_RESOURCE,True,,MOVE_TO_RESOURCE,1170,3650,0
economy_debug_stage3_180,1,1,1799,90105,GO_RESOURCE,True,,MOVE_TO_RESOURCE,1170,3650,0
economy_debug_stage3_180,1,1,1805,90405,GO_RESOURCE,True,,MOVE_TO_RESOURCE,1170,3650,0
economy_debug_stage3_180,1,1,1812,90753,GO_RESOURCE,True,,MOVE_TO_RESOURCE,1170,3650,0
economy_debug_stage3_180,1,1,1818,91057,GO_RESOURCE,True,,MOVE_TO_RESOURCE,1170,3650,0
economy_debug_stage3_180,1,1,1824,91357,GO_RESOURCE,True,,MOVE_TO_RESOURCE,1170,3650,0
economy_debug_stage3_180,1,1,1831,91705,GO_RESOURCE,True,,MOVE_TO_RESOURCE,1170,3650,0
economy_debug_stage3_180,1,1,1838,92057,GO_RESOURCE,True,,MOVE_TO_RESOURCE,1170,3650,0
economy_debug_stage3_180,1,1,1844,92357,GO_RESOURCE,True,,MOVE_TO_RESOURCE,1170,3650,0
economy_debug_stage3_180,1,1,1851,92701,GO_RESOURCE,True,,MOVE_TO_RESOURCE,1170,3650,0
economy_debug_stage3_180,1,1,1857,93005,GO_RESOURCE,True,,MOVE_TO_RESOURCE,1170,3650,0
economy_debug_stage3_180,1,1,1863,93305,GO_RESOURCE,True,,MOVE_TO_RESOURCE,1170,3650,0
economy_debug_stage3_180,1,1,1869,93605,GO_RESOURCE,True,,MOVE_TO_RESOURCE,1170,3650,0
economy_debug_stage3_180,1,1,1875,93905,GO_RESOURCE,True,,MOVE_TO_RESOURCE,1170,3650,0
economy_debug_stage3_180,1,1,1882,94253,GO_RESOURCE,True,,MOVE_TO_RESOURCE,1170,3650,0
economy_debug_stage3_180,1,1,1888,94557,GO_RESOURCE,True,,MOVE_TO_RESOURCE,1170,3650,0
economy_debug_stage3_180,1,1,1894,94857,GO_RESOURCE,True,,MOVE_TO_RESOURCE,1170,3650,0
economy_debug_stage3_180,1,1,1901,95201,GO_RESOURCE,True,,MOVE_TO_RESOURCE,1170,3650,0
economy_debug_stage3_180,1,1,1907,95505,IDLE,True,no_target,ALIGN_RESOURCE,1170,3650,0
economy_debug_stage3_180,1,1,1913,95805,HARVEST,True,ok,WAIT_HARVEST,1170,3650,0
economy_debug_stage3_180,1,1,1919,96105,WAIT_BUSY,True,character_busy,WAIT_HARVEST,1170,3818,0
economy_debug_stage3_180,1,1,1925,96405,WAIT_BUSY,True,character_busy,WAIT_HARVEST,1170,3998,0
economy_debug_stage3_180,1,1,1931,96705,WAIT_BUSY,True,character_busy,WAIT_HARVEST,1170,4178,0
economy_debug_stage3_180,1,1,1937,97005,WAIT_BUSY,True,character_busy,WAIT_HARVEST,1170,4358,0
economy_debug_stage3_180,1,1,1944,97357,GO_FACTORY,True,,RETURN_FACTORY,1170,4400,0
economy_debug_stage3_180,1,1,1950,97657,GO_FACTORY,True,,RETURN_FACTORY,1170,4400,0
economy_debug_stage3_180,1,1,1957,98002,GO_FACTORY,True,,RETURN_FACTORY,1170,4400,0
economy_debug_stage3_180,1,1,1963,98306,GO_FACTORY,True,,RETURN_FACTORY,1170,4400,0
economy_debug_stage3_180,1,1,1970,98654,GO_FACTORY,True,,RETURN_FACTORY,1170,4400,0
economy_debug_stage3_180,1,1,1977,99002,GO_FACTORY,True,,RETURN_FACTORY,1170,4400,0
economy_debug_stage3_180,1,1,1983,99310,GO_FACTORY,True,,RETURN_FACTORY,1170,4400,0
economy_debug_stage3_180,1,1,1990,99658,GO_FACTORY,True,,RETURN_FACTORY,1170,4400,0
economy_debug_stage3_180,1,1,1997,100006,GO_FACTORY,True,,RETURN_FACTORY,1170,4400,0
economy_debug_stage3_180,1,1,2004,100354,GO_FACTORY,True,,RETURN_FACTORY,1170,4400,0
economy_debug_stage3_180,1,1,2010,100658,GO_FACTORY,True,,RETURN_FACTORY,1170,4400,0
economy_debug_stage3_180,1,1,2017,101006,GO_FACTORY,True,,RETURN_FACTORY,1170,4400,0
economy_debug_stage3_180,1,1,2024,101354,GO_FACTORY,True,,RETURN_FACTORY,1170,4400,0
economy_debug_stage3_180,1,1,2030,101658,GO_FACTORY,True,,RETURN_FACTORY,1170,4400,0
economy_debug_stage3_180,1,1,2037,102002,GO_FACTORY,True,,RETURN_FACTORY,1170,4400,0
economy_debug_stage3_180,1,1,2043,102306,GO_FACTORY,True,,RETURN_FACTORY,1170,4400,0
economy_debug_stage3_180,1,1,2049,102606,GO_FACTORY,True,,RETURN_FACTORY,1170,4400,0
economy_debug_stage3_180,1,1,2056,102958,GO_FACTORY,True,,RETURN_FACTORY,1170,4400,0
economy_debug_stage3_180,1,1,2063,103302,GO_FACTORY,True,,RETURN_FACTORY,1170,4400,0
economy_debug_stage3_180,1,1,2069,103606,GO_FACTORY,True,,RETURN_FACTORY,1170,4400,0
economy_debug_stage3_180,1,1,2076,103958,GO_FACTORY,True,,RETURN_FACTORY,1170,4400,0
economy_debug_stage3_180,1,1,2083,104302,GO_FACTORY,True,,RETURN_FACTORY,1170,4400,0
economy_debug_stage3_180,1,1,2090,104654,GO_FACTORY,True,,RETURN_FACTORY,1170,4400,0
economy_debug_stage3_180,1,1,2096,104958,GO_FACTORY,True,,RETURN_FACTORY,1170,4400,0
economy_debug_stage3_180,1,1,2102,105258,GO_FACTORY,True,,RETURN_FACTORY,1170,4400,0
economy_debug_stage3_180,1,1,2109,105606,GO_FACTORY,True,,RETURN_FACTORY,1170,4400,0
economy_debug_stage3_180,1,1,2116,105958,GO_FACTORY,True,,RETURN_FACTORY,1170,4400,0
economy_debug_stage3_180,1,1,2122,106258,GO_FACTORY,True,,RETURN_FACTORY,1170,4400,0
economy_debug_stage3_180,1,1,2129,106606,GO_FACTORY,True,,RETURN_FACTORY,1170,4400,0
economy_debug_stage3_180,1,1,2136,106958,IDLE,True,no_target,ALIGN_FACTORY,1170,4400,0
economy_debug_stage3_180,1,1,2142,107258,LOAD_GOODS,True,ok,SELECT_MARKET,1170,4400,0
economy_debug_stage3_180,1,1,2149,107606,GO_MARKET,True,,MOVE_TO_MARKET,1170,4390,1
economy_debug_stage3_180,1,1,2155,107906,GO_MARKET,True,,MOVE_TO_MARKET,1170,4390,1
economy_debug_stage3_180,1,1,2161,108206,GO_MARKET,True,,MOVE_TO_MARKET,1170,4390,1
economy_debug_stage3_180,1,1,2167,108506,GO_MARKET,True,,MOVE_TO_MARKET,1170,4390,1
economy_debug_stage3_180,1,1,2173,108806,GO_MARKET,True,,MOVE_TO_MARKET,1170,4390,1
economy_debug_stage3_180,1,1,2179,109106,GO_MARKET,True,,MOVE_TO_MARKET,1170,4390,1
economy_debug_stage3_180,1,1,2186,109458,GO_MARKET,True,,MOVE_TO_MARKET,1170,4390,1
economy_debug_stage3_180,1,1,2193,109802,GO_MARKET,True,,MOVE_TO_MARKET,1170,4390,1
economy_debug_stage3_180,1,1,2199,110102,GO_MARKET,True,,MOVE_TO_MARKET,1170,4390,1
economy_debug_stage3_180,1,1,2205,110406,IDLE,True,no_target,ALIGN_MARKET,1170,4390,1
economy_debug_stage3_180,1,1,2211,110706,SELL_GOODS,True,ok,SELECT_RESOURCE,1170,4390,1
economy_debug_stage3_180,1,1,2218,111054,GO_RESOURCE,True,,MOVE_TO_RESOURCE,1404,4390,0
economy_debug_stage3_180,1,1,2224,111354,GO_RESOURCE,True,,MOVE_TO_RESOURCE,1404,4390,0
economy_debug_stage3_180,1,1,2230,111658,GO_RESOURCE,True,,MOVE_TO_RESOURCE,1404,4390,0
economy_debug_stage3_180,1,1,2236,111958,GO_RESOURCE,True,,MOVE_TO_RESOURCE,1404,4390,0
economy_debug_stage3_180,1,1,2242,112258,GO_RESOURCE,True,,MOVE_TO_RESOURCE,1404,4390,0
economy_debug_stage3_180,1,1,2249,112606,GO_RESOURCE,True,,MOVE_TO_RESOURCE,1404,4390,0
economy_debug_stage3_180,1,1,2256,112954,GO_RESOURCE,True,,MOVE_TO_RESOURCE,1404,4390,0
economy_debug_stage3_180,1,1,2262,113254,GO_RESOURCE,True,,MOVE_TO_RESOURCE,1404,4390,0
economy_debug_stage3_180,1,1,2268,113554,GO_RESOURCE,True,,MOVE_TO_RESOURCE,1404,4390,0
economy_debug_stage3_180,1,1,2275,113906,GO_RESOURCE,True,,MOVE_TO_RESOURCE,1404,4390,0
economy_debug_stage3_180,1,1,2282,114258,GO_RESOURCE,True,,MOVE_TO_RESOURCE,1404,4390,0
economy_debug_stage3_180,1,1,2289,114602,GO_RESOURCE,True,,MOVE_TO_RESOURCE,1404,4390,0
economy_debug_stage3_180,1,1,2295,114906,GO_RESOURCE,True,,MOVE_TO_RESOURCE,1404,4390,0
economy_debug_stage3_180,1,1,2302,115254,GO_RESOURCE,True,,MOVE_TO_RESOURCE,1404,4390,0
economy_debug_stage3_180,1,1,2309,115606,GO_RESOURCE,True,,MOVE_TO_RESOURCE,1404,4390,0
economy_debug_stage3_180,1,1,2316,115954,GO_RESOURCE,True,,MOVE_TO_RESOURCE,1404,4390,0
economy_debug_stage3_180,1,1,2323,116302,GO_RESOURCE,True,,MOVE_TO_RESOURCE,1404,4390,0
economy_debug_stage3_180,1,1,2329,116606,GO_RESOURCE,True,,MOVE_TO_RESOURCE,1404,4390,0
economy_debug_stage3_180,1,1,2336,116954,GO_RESOURCE,True,,MOVE_TO_RESOURCE,1404,4390,0
economy_debug_stage3_180,1,1,2343,117302,GO_RESOURCE,True,,MOVE_TO_RESOURCE,1404,4390,0
economy_debug_stage3_180,1,1,2349,117606,GO_RESOURCE,True,,MOVE_TO_RESOURCE,1404,4390,0
economy_debug_stage3_180,1,1,2356,117954,GO_RESOURCE,True,,MOVE_TO_RESOURCE,1404,4390,0
economy_debug_stage3_180,1,1,2363,118306,GO_RESOURCE,True,,MOVE_TO_RESOURCE,1404,4390,0
economy_debug_stage3_180,1,1,2370,118654,GO_RESOURCE,True,,MOVE_TO_RESOURCE,1404,4390,0
economy_debug_stage3_180,1,1,2377,119007,GO_RESOURCE,True,,MOVE_TO_RESOURCE,1404,4390,0
economy_debug_stage3_180,1,1,2384,119355,GO_RESOURCE,True,,MOVE_TO_RESOURCE,1404,4390,0
economy_debug_stage3_180,1,1,2390,119655,GO_RESOURCE,True,,MOVE_TO_RESOURCE,1404,4390,0
economy_debug_stage3_180,1,1,2397,120003,GO_RESOURCE,True,,MOVE_TO_RESOURCE,1404,4390,0
economy_debug_stage3_180,1,1,2403,120303,GO_RESOURCE,True,,MOVE_TO_RESOURCE,1404,4390,0
economy_debug_stage3_180,1,1,2409,120607,GO_RESOURCE,True,,MOVE_TO_RESOURCE,1404,4390,0
economy_debug_stage3_180,1,1,2416,120955,GO_RESOURCE,True,,MOVE_TO_RESOURCE,1404,4390,0
economy_debug_stage3_180,1,1,2422,121255,GO_RESOURCE,True,,MOVE_TO_RESOURCE,1404,4390,0
economy_debug_stage3_180,1,1,2428,121555,GO_RESOURCE,True,,MOVE_TO_RESOURCE,1404,4390,0
economy_debug_stage3_180,1,1,2435,121907,IDLE,True,no_target,ALIGN_RESOURCE,1404,4390,0
economy_debug_stage3_180,1,1,2442,122255,HARVEST,True,ok,WAIT_HARVEST,1404,4390,0
economy_debug_stage3_180,1,1,2448,122555,WAIT_BUSY,True,character_busy,WAIT_HARVEST,1404,4558,0
economy_debug_stage3_180,1,1,2455,122907,WAIT_BUSY,True,character_busy,WAIT_HARVEST,1404,4768,0
economy_debug_stage3_180,1,1,2462,123255,WAIT_BUSY,True,character_busy,WAIT_HARVEST,1404,4978,0
economy_debug_stage3_180,1,1,2468,123555,GO_FACTORY,True,,RETURN_FACTORY,1404,5140,0
economy_debug_stage3_180,1,1,2475,123907,GO_FACTORY,True,,RETURN_FACTORY,1404,5140,0
economy_debug_stage3_180,1,1,2482,124255,GO_FACTORY,True,,RETURN_FACTORY,1404,5140,0
economy_debug_stage3_180,1,1,2488,124555,GO_FACTORY,True,,RETURN_FACTORY,1404,5140,0
economy_debug_stage3_180,1,1,2494,124855,GO_FACTORY,True,,RETURN_FACTORY,1404,5140,0
economy_debug_stage3_180,1,1,2500,125155,GO_FACTORY,True,,RETURN_FACTORY,1404,5140,0
economy_debug_stage3_180,1,1,2506,125455,GO_FACTORY,True,,RETURN_FACTORY,1404,5140,0
economy_debug_stage3_180,1,1,2513,125807,GO_FACTORY,True,,RETURN_FACTORY,1404,5140,0
economy_debug_stage3_180,1,1,2519,126107,GO_FACTORY,True,,RETURN_FACTORY,1404,5140,0
economy_debug_stage3_180,1,1,2525,126407,GO_FACTORY,True,,RETURN_FACTORY,1404,5140,0
economy_debug_stage3_180,1,1,2531,126707,GO_FACTORY,True,,RETURN_FACTORY,1404,5140,0
economy_debug_stage3_180,1,1,2537,127007,GO_FACTORY,True,,RETURN_FACTORY,1404,5140,0
economy_debug_stage3_180,1,1,2544,127355,GO_FACTORY,True,,RETURN_FACTORY,1404,5140,0
economy_debug_stage3_180,1,1,2550,127655,GO_FACTORY,True,,RETURN_FACTORY,1404,5140,0
economy_debug_stage3_180,1,1,2556,127955,GO_FACTORY,True,,RETURN_FACTORY,1404,5140,0
economy_debug_stage3_180,1,1,2562,128255,GO_FACTORY,True,,RETURN_FACTORY,1404,5140,0
economy_debug_stage3_180,1,1,2569,128607,GO_FACTORY,True,,RETURN_FACTORY,1404,5140,0
economy_debug_stage3_180,1,1,2575,128907,GO_FACTORY,True,,RETURN_FACTORY,1404,5140,0
economy_debug_stage3_180,1,1,2581,129207,GO_FACTORY,True,,RETURN_FACTORY,1404,5140,0
economy_debug_stage3_180,1,1,2587,129507,GO_FACTORY,True,,RETURN_FACTORY,1404,5140,0
economy_debug_stage3_180,1,1,2594,129855,GO_FACTORY,True,,RETURN_FACTORY,1404,5140,0
economy_debug_stage3_180,1,1,2601,130203,GO_FACTORY,True,,RETURN_FACTORY,1404,5140,0
economy_debug_stage3_180,1,1,2607,130507,GO_FACTORY,True,,RETURN_FACTORY,1404,5140,0
economy_debug_stage3_180,1,1,2613,130807,GO_FACTORY,True,,RETURN_FACTORY,1404,5140,0
economy_debug_stage3_180,1,1,2620,131155,GO_FACTORY,True,,RETURN_FACTORY,1404,5140,0
economy_debug_stage3_180,1,1,2626,131455,GO_FACTORY,True,,RETURN_FACTORY,1404,5140,0
economy_debug_stage3_180,1,1,2632,131755,GO_FACTORY,True,,RETURN_FACTORY,1404,5140,0
economy_debug_stage3_180,1,1,2639,132107,GO_FACTORY,True,,RETURN_FACTORY,1404,5140,0
economy_debug_stage3_180,1,1,2646,132455,GO_FACTORY,True,,RETURN_FACTORY,1404,5140,0
economy_debug_stage3_180,1,1,2653,132807,GO_FACTORY,True,,RETURN_FACTORY,1404,5140,0
economy_debug_stage3_180,1,1,2660,133155,GO_FACTORY,True,,RETURN_FACTORY,1404,5140,0
economy_debug_stage3_180,1,1,2667,133503,GO_FACTORY,True,,RETURN_FACTORY,1404,5140,0
economy_debug_stage3_180,1,1,2673,133807,GO_FACTORY,True,,RETURN_FACTORY,1404,5140,0
economy_debug_stage3_180,1,1,2680,134155,GO_FACTORY,True,,RETURN_FACTORY,1404,5140,0
economy_debug_stage3_180,1,1,2687,134507,GO_FACTORY,True,,RETURN_FACTORY,1404,5140,0
economy_debug_stage3_180,1,1,2694,134855,GO_FACTORY,True,,RETURN_FACTORY,1404,5140,0
economy_debug_stage3_180,1,1,2701,135207,GO_FACTORY,True,,RETURN_FACTORY,1404,5140,0
economy_debug_stage3_180,1,1,2708,135555,GO_FACTORY,True,,RETURN_FACTORY,1404,5140,0
economy_debug_stage3_180,1,1,2715,135907,GO_FACTORY,True,,RETURN_FACTORY,1404,5140,0
economy_debug_stage3_180,1,1,2721,136207,GO_FACTORY,True,,RETURN_FACTORY,1404,5140,0
economy_debug_stage3_180,1,1,2728,136555,GO_FACTORY,True,,RETURN_FACTORY,1404,5140,0
economy_debug_stage3_180,1,1,2734,136855,GO_FACTORY,True,,RETURN_FACTORY,1404,5140,0
economy_debug_stage3_180,1,1,2741,137203,IDLE,True,no_target,ALIGN_FACTORY,1404,5140,0
economy_debug_stage3_180,1,1,2747,137507,LOAD_GOODS,True,ok,SELECT_MARKET,1404,5140,0
economy_debug_stage3_180,1,1,2754,137855,GO_MARKET,True,,MOVE_TO_MARKET,1404,5130,1
economy_debug_stage3_180,1,1,2760,138155,GO_MARKET,True,,MOVE_TO_MARKET,1404,5130,1
economy_debug_stage3_180,1,1,2766,138455,GO_MARKET,True,,MOVE_TO_MARKET,1404,5130,1
economy_debug_stage3_180,1,1,2773,138807,GO_MARKET,True,,MOVE_TO_MARKET,1404,5130,1
economy_debug_stage3_180,1,1,2779,139107,GO_MARKET,True,,MOVE_TO_MARKET,1404,5130,1
economy_debug_stage3_180,1,1,2786,139455,GO_MARKET,True,,MOVE_TO_MARKET,1404,5130,1
economy_debug_stage3_180,1,1,2792,139755,GO_MARKET,True,,MOVE_TO_MARKET,1404,5130,1
economy_debug_stage3_180,1,1,2798,140055,GO_MARKET,True,,MOVE_TO_MARKET,1404,5130,1
economy_debug_stage3_180,1,1,2804,140356,GO_MARKET,True,,MOVE_TO_MARKET,1404,5130,1
economy_debug_stage3_180,1,1,2811,140704,IDLE,True,no_target,ALIGN_MARKET,1404,5130,1
economy_debug_stage3_180,1,1,2817,141008,SELL_GOODS,True,ok,SELECT_RESOURCE,1404,5130,1
economy_debug_stage3_180,1,1,2824,141352,GO_RESOURCE,True,,MOVE_TO_RESOURCE,1638,5130,0
economy_debug_stage3_180,1,1,2830,141656,GO_RESOURCE,True,,MOVE_TO_RESOURCE,1638,5130,0
economy_debug_stage3_180,1,1,2837,142004,GO_RESOURCE,True,,MOVE_TO_RESOURCE,1638,5130,0
economy_debug_stage3_180,1,1,2844,142356,GO_RESOURCE,True,,MOVE_TO_RESOURCE,1638,5130,0
economy_debug_stage3_180,1,1,2851,142704,GO_RESOURCE,True,,MOVE_TO_RESOURCE,1638,5130,0
economy_debug_stage3_180,1,1,2857,143008,GO_RESOURCE,True,,MOVE_TO_RESOURCE,1638,5130,0
economy_debug_stage3_180,1,1,2864,143352,GO_RESOURCE,True,,MOVE_TO_RESOURCE,1638,5130,0
economy_debug_stage3_180,1,1,2870,143656,GO_RESOURCE,True,,MOVE_TO_RESOURCE,1638,5130,0
economy_debug_stage3_180,1,1,2877,144004,GO_RESOURCE,True,,MOVE_TO_RESOURCE,1638,5130,0
economy_debug_stage3_180,1,1,2884,144356,GO_RESOURCE,True,,MOVE_TO_RESOURCE,1638,5130,0
economy_debug_stage3_180,1,1,2891,144704,GO_RESOURCE,True,,MOVE_TO_RESOURCE,1638,5130,0
economy_debug_stage3_180,1,1,2898,145056,GO_RESOURCE,True,,MOVE_TO_RESOURCE,1638,5130,0
economy_debug_stage3_180,1,1,2904,145356,GO_RESOURCE,True,,MOVE_TO_RESOURCE,1638,5130,0
economy_debug_stage3_180,1,1,2911,145708,GO_RESOURCE,True,,MOVE_TO_RESOURCE,1638,5130,0
economy_debug_stage3_180,1,1,2918,146052,GO_RESOURCE,True,,MOVE_TO_RESOURCE,1638,5130,0
economy_debug_stage3_180,1,1,2924,146356,GO_RESOURCE,True,,MOVE_TO_RESOURCE,1638,5130,0
economy_debug_stage3_180,1,1,2931,146708,GO_RESOURCE,True,,MOVE_TO_RESOURCE,1638,5130,0
economy_debug_stage3_180,1,1,2938,147052,GO_RESOURCE,True,,MOVE_TO_RESOURCE,1638,5130,0
economy_debug_stage3_180,1,1,2944,147356,GO_RESOURCE,True,,MOVE_TO_RESOURCE,1638,5130,0
economy_debug_stage3_180,1,1,2951,147704,GO_RESOURCE,True,,MOVE_TO_RESOURCE,1638,5130,0
economy_debug_stage3_180,1,1,2958,148052,GO_RESOURCE,True,,MOVE_TO_RESOURCE,1638,5130,0
economy_debug_stage3_180,1,1,2964,148356,GO_RESOURCE,True,,MOVE_TO_RESOURCE,1638,5130,0
economy_debug_stage3_180,1,1,2971,148704,GO_RESOURCE,True,,MOVE_TO_RESOURCE,1638,5130,0
economy_debug_stage3_180,1,1,2978,149056,GO_RESOURCE,True,,MOVE_TO_RESOURCE,1638,5130,0
economy_debug_stage3_180,1,1,2985,149404,GO_RESOURCE,True,,MOVE_TO_RESOURCE,1638,5130,0
economy_debug_stage3_180,1,1,2992,149752,GO_RESOURCE,True,,MOVE_TO_RESOURCE,1638,5130,0
economy_debug_stage3_180,1,1,2998,150056,GO_RESOURCE,True,,MOVE_TO_RESOURCE,1638,5130,0
economy_debug_stage3_180,1,1,3005,150404,GO_RESOURCE,True,,MOVE_TO_RESOURCE,1638,5130,0
economy_debug_stage3_180,1,1,3012,150756,GO_RESOURCE,True,,MOVE_TO_RESOURCE,1638,5130,0
economy_debug_stage3_180,1,1,3019,151104,GO_RESOURCE,True,,MOVE_TO_RESOURCE,1638,5130,0
economy_debug_stage3_180,1,1,3026,151456,GO_RESOURCE,True,,MOVE_TO_RESOURCE,1638,5130,0
economy_debug_stage3_180,1,1,3032,151756,GO_RESOURCE,True,,MOVE_TO_RESOURCE,1638,5130,0
economy_debug_stage3_180,1,1,3039,152104,GO_RESOURCE,True,,MOVE_TO_RESOURCE,1638,5130,0
economy_debug_stage3_180,1,1,3046,152456,GO_RESOURCE,True,,MOVE_TO_RESOURCE,1638,5130,0
economy_debug_stage3_180,1,1,3053,152804,IDLE,True,no_target,ALIGN_RESOURCE,1638,5130,0
economy_debug_stage3_180,1,1,3060,153152,HARVEST,True,ok,WAIT_HARVEST,1638,5130,0
economy_debug_stage3_180,1,1,3066,153456,WAIT_BUSY,True,character_busy,WAIT_HARVEST,1638,5298,0
economy_debug_stage3_180,1,1,3073,153808,WAIT_BUSY,True,character_busy,WAIT_HARVEST,1638,5508,0
economy_debug_stage3_180,1,1,3080,154152,WAIT_BUSY,True,character_busy,WAIT_HARVEST,1638,5712,0
economy_debug_stage3_180,1,1,3086,154456,GO_FACTORY,True,,RETURN_FACTORY,1638,5880,0
economy_debug_stage3_180,1,1,3093,154804,GO_FACTORY,True,,RETURN_FACTORY,1638,5880,0
economy_debug_stage3_180,1,1,3100,155156,GO_FACTORY,True,,RETURN_FACTORY,1638,5880,0
economy_debug_stage3_180,1,1,3107,155504,GO_FACTORY,True,,RETURN_FACTORY,1638,5880,0
economy_debug_stage3_180,1,1,3114,155856,GO_FACTORY,True,,RETURN_FACTORY,1638,5880,0
economy_debug_stage3_180,1,1,3121,156204,GO_FACTORY,True,,RETURN_FACTORY,1638,5880,0
economy_debug_stage3_180,1,1,3128,156552,GO_FACTORY,True,,RETURN_FACTORY,1638,5880,0
economy_debug_stage3_180,1,1,3134,156856,GO_FACTORY,True,,RETURN_FACTORY,1638,5880,0
economy_debug_stage3_180,1,1,3141,157208,GO_FACTORY,True,,RETURN_FACTORY,1638,5880,0
economy_debug_stage3_180,1,1,3148,157552,GO_FACTORY,True,,RETURN_FACTORY,1638,5880,0
economy_debug_stage3_180,1,1,3154,157856,GO_FACTORY,True,,RETURN_FACTORY,1638,5880,0
economy_debug_stage3_180,1,1,3161,158204,GO_FACTORY,True,,RETURN_FACTORY,1638,5880,0
economy_debug_stage3_180,1,1,3168,158552,GO_FACTORY,True,,RETURN_FACTORY,1638,5880,0
economy_debug_stage3_180,1,1,3174,158856,GO_FACTORY,True,,RETURN_FACTORY,1638,5880,0
economy_debug_stage3_180,1,1,3181,159204,GO_FACTORY,True,,RETURN_FACTORY,1638,5880,0
economy_debug_stage3_180,1,1,3188,159556,GO_FACTORY,True,,RETURN_FACTORY,1638,5880,0
economy_debug_stage3_180,1,1,3195,159904,GO_FACTORY,True,,RETURN_FACTORY,1638,5880,0
economy_debug_stage3_180,1,1,3202,160256,GO_FACTORY,True,,RETURN_FACTORY,1638,5880,0
economy_debug_stage3_180,1,1,3209,160604,GO_FACTORY,True,,RETURN_FACTORY,1638,5880,0
economy_debug_stage3_180,1,1,3216,160952,GO_FACTORY,True,,RETURN_FACTORY,1638,5880,0
economy_debug_stage3_180,1,1,3223,161304,GO_FACTORY,True,,RETURN_FACTORY,1638,5880,0
economy_debug_stage3_180,1,1,3229,161604,GO_FACTORY,True,,RETURN_FACTORY,1638,5880,0
economy_debug_stage3_180,1,1,3236,161952,GO_FACTORY,True,,RETURN_FACTORY,1638,5880,0
economy_debug_stage3_180,1,1,3243,162305,GO_FACTORY,True,,RETURN_FACTORY,1638,5880,0
economy_debug_stage3_180,1,1,3249,162605,GO_FACTORY,True,,RETURN_FACTORY,1638,5880,0
economy_debug_stage3_180,1,1,3256,162953,GO_FACTORY,True,,RETURN_FACTORY,1638,5880,0
economy_debug_stage3_180,1,1,3262,163257,GO_FACTORY,True,,RETURN_FACTORY,1638,5880,0
economy_debug_stage3_180,1,1,3269,163605,GO_FACTORY,True,,RETURN_FACTORY,1638,5880,0
economy_debug_stage3_180,1,1,3275,163905,GO_FACTORY,True,,RETURN_FACTORY,1638,5880,0
economy_debug_stage3_180,1,1,3282,164257,GO_FACTORY,True,,RETURN_FACTORY,1638,5880,0
economy_debug_stage3_180,1,1,3289,164601,GO_FACTORY,True,,RETURN_FACTORY,1638,5880,0
economy_debug_stage3_180,1,1,3295,164905,GO_FACTORY,True,,RETURN_FACTORY,1638,5880,0
economy_debug_stage3_180,1,1,3301,165205,GO_FACTORY,True,,RETURN_FACTORY,1638,5880,0
economy_debug_stage3_180,1,1,3308,165557,GO_FACTORY,True,,RETURN_FACTORY,1638,5880,0
economy_debug_stage3_180,1,1,3314,165857,GO_FACTORY,True,,RETURN_FACTORY,1638,5880,0
economy_debug_stage3_180,1,1,3321,166205,GO_FACTORY,True,,RETURN_FACTORY,1638,5880,0
economy_debug_stage3_180,1,1,3327,166505,GO_FACTORY,True,,RETURN_FACTORY,1638,5880,0
economy_debug_stage3_180,1,1,3333,166805,GO_FACTORY,True,,RETURN_FACTORY,1638,5880,0
economy_debug_stage3_180,1,1,3339,167105,GO_FACTORY,True,,RETURN_FACTORY,1638,5880,0
economy_debug_stage3_180,1,1,3346,167453,GO_FACTORY,True,,RETURN_FACTORY,1638,5880,0
economy_debug_stage3_180,1,1,3352,167757,GO_FACTORY,True,,RETURN_FACTORY,1638,5880,0
economy_debug_stage3_180,1,1,3359,168105,IDLE,True,no_target,ALIGN_FACTORY,1638,5880,0
economy_debug_stage3_180,1,1,3366,168457,LOAD_GOODS,True,ok,SELECT_MARKET,1638,5880,0
economy_debug_stage3_180,1,1,3372,168757,GO_MARKET,True,,MOVE_TO_MARKET,1638,5870,1
economy_debug_stage3_180,1,1,3379,169105,GO_MARKET,True,,MOVE_TO_MARKET,1638,5870,1
economy_debug_stage3_180,1,1,3385,169405,GO_MARKET,True,,MOVE_TO_MARKET,1638,5870,1
economy_debug_stage3_180,1,1,3392,169757,GO_MARKET,True,,MOVE_TO_MARKET,1638,5870,1
economy_debug_stage3_180,1,1,3399,170105,GO_MARKET,True,,MOVE_TO_MARKET,1638,5870,1
economy_debug_stage3_180,1,1,3405,170405,GO_MARKET,True,,MOVE_TO_MARKET,1638,5870,1
economy_debug_stage3_180,1,1,3411,170705,GO_MARKET,True,,MOVE_TO_MARKET,1638,5870,1
economy_debug_stage3_180,1,1,3418,171057,GO_MARKET,True,,MOVE_TO_MARKET,1638,5870,1
economy_debug_stage3_180,1,1,3425,171405,GO_MARKET,True,,MOVE_TO_MARKET,1638,5870,1
economy_debug_stage3_180,1,1,3431,171705,IDLE,True,no_target,ALIGN_MARKET,1638,5870,1
economy_debug_stage3_180,1,1,3438,172057,SELL_GOODS,True,ok,SELECT_RESOURCE,1638,5870,1
economy_debug_stage3_180,1,1,3445,172405,GO_RESOURCE,True,,MOVE_TO_RESOURCE,1872,5870,0
economy_debug_stage3_180,1,1,3451,172705,GO_RESOURCE,True,,MOVE_TO_RESOURCE,1872,5870,0
economy_debug_stage3_180,1,1,3458,173053,GO_RESOURCE,True,,MOVE_TO_RESOURCE,1872,5870,0
economy_debug_stage3_180,1,1,3464,173357,GO_RESOURCE,True,,MOVE_TO_RESOURCE,1872,5870,0
economy_debug_stage3_180,1,1,3471,173705,GO_RESOURCE,True,,MOVE_TO_RESOURCE,1872,5870,0
economy_debug_stage3_180,1,1,3477,174005,GO_RESOURCE,True,,MOVE_TO_RESOURCE,1872,5870,0
economy_debug_stage3_180,1,1,3484,174357,GO_RESOURCE,True,,MOVE_TO_RESOURCE,1872,5870,0
economy_debug_stage3_180,1,1,3491,174705,GO_RESOURCE,True,,MOVE_TO_RESOURCE,1872,5870,0
economy_debug_stage3_180,1,1,3497,175005,GO_RESOURCE,True,,MOVE_TO_RESOURCE,1872,5870,0
economy_debug_stage3_180,1,1,3503,175305,GO_RESOURCE,True,,MOVE_TO_RESOURCE,1872,5870,0
economy_debug_stage3_180,1,1,3509,175609,GO_RESOURCE,True,,MOVE_TO_RESOURCE,1872,5870,0
economy_debug_stage3_180,1,1,3516,175957,GO_RESOURCE,True,,MOVE_TO_RESOURCE,1872,5870,0
economy_debug_stage3_180,1,1,3523,176305,GO_RESOURCE,True,,MOVE_TO_RESOURCE,1872,5870,0
economy_debug_stage3_180,1,1,3529,176605,GO_RESOURCE,True,,MOVE_TO_RESOURCE,1872,5870,0
economy_debug_stage3_180,1,1,3536,176953,GO_RESOURCE,True,,MOVE_TO_RESOURCE,1872,5870,0
economy_debug_stage3_180,1,1,3542,177257,GO_RESOURCE,True,,MOVE_TO_RESOURCE,1872,5870,0
economy_debug_stage3_180,1,1,3549,177605,GO_RESOURCE,True,,MOVE_TO_RESOURCE,1872,5870,0
economy_debug_stage3_180,1,1,3555,177905,GO_RESOURCE,True,,MOVE_TO_RESOURCE,1872,5870,0
economy_debug_stage3_180,1,1,3561,178205,GO_RESOURCE,True,,MOVE_TO_RESOURCE,1872,5870,0
economy_debug_stage3_180,1,1,3567,178505,GO_RESOURCE,True,,MOVE_TO_RESOURCE,1872,5870,0
economy_debug_stage3_180,1,1,3574,178853,GO_RESOURCE,True,,MOVE_TO_RESOURCE,1872,5870,0
economy_debug_stage3_180,1,1,3580,179157,GO_RESOURCE,True,,MOVE_TO_RESOURCE,1872,5870,0
economy_debug_stage3_180,1,1,3587,179505,GO_RESOURCE,True,,MOVE_TO_RESOURCE,1872,5870,0
economy_debug_stage3_180,1,1,3593,179805,GO_RESOURCE,True,,MOVE_TO_RESOURCE,1872,5870,0
economy_debug_stage3_180,2,0,1,12,RECRUIT_ROBOT,True,ok,,0,0,0
economy_debug_stage3_180,2,0,8,356,TEAM_IDLE,True,no_production_needed,,0,0,0
economy_debug_stage3_180,2,0,15,705,UPGRADE_MOVE_SPEED,True,ok,,0,0,0
economy_debug_stage3_180,2,0,22,1057,TEAM_IDLE,True,no_production_needed,,0,0,0
economy_debug_stage3_180,2,0,29,1405,TEAM_IDLE,True,no_production_needed,,0,0,0
economy_debug_stage3_180,2,0,35,1705,TEAM_IDLE,True,no_production_needed,,0,0,0
economy_debug_stage3_180,2,0,41,2005,TEAM_IDLE,True,no_production_needed,,0,0,0
economy_debug_stage3_180,2,0,48,2357,TEAM_IDLE,True,no_production_needed,,0,0,0
economy_debug_stage3_180,2,0,54,2657,PRODUCE_SEMICONDUCTOR,True,ok,,0,60,0
economy_debug_stage3_180,2,0,61,3005,TEAM_IDLE,True,factory_busy,,0,220,0
economy_debug_stage3_180,2,0,67,3305,TEAM_IDLE,True,cooldown_active,,0,375,0
economy_debug_stage3_180,2,0,74,3657,TEAM_IDLE,True,cooldown_active,,0,550,0
economy_debug_stage3_180,2,0,81,4005,TEAM_IDLE,True,cooldown_active,,0,615,0
economy_debug_stage3_180,2,0,87,4305,TEAM_IDLE,True,cooldown_active,,0,615,0
economy_debug_stage3_180,2,0,94,4657,TEAM_IDLE,True,cooldown_active,,0,615,0
economy_debug_stage3_180,2,0,101,5005,TEAM_IDLE,True,cooldown_active,,0,615,0
economy_debug_stage3_180,2,0,107,5305,TEAM_IDLE,True,cooldown_active,,0,615,0
economy_debug_stage3_180,2,0,114,5653,TEAM_IDLE,True,factory_busy,,0,615,0
economy_debug_stage3_180,2,0,120,5957,TEAM_IDLE,True,cooldown_active,,0,615,0
economy_debug_stage3_180,2,0,127,6305,TEAM_IDLE,True,cooldown_active,,0,615,0
economy_debug_stage3_180,2,0,133,6605,TEAM_IDLE,True,cooldown_active,,0,615,0
economy_debug_stage3_180,2,0,140,6953,TEAM_IDLE,True,cooldown_active,,0,615,0
economy_debug_stage3_180,2,0,146,7257,TEAM_IDLE,True,cooldown_active,,0,615,0
economy_debug_stage3_180,2,0,153,7605,TEAM_IDLE,True,cooldown_active,,0,615,0
economy_debug_stage3_180,2,0,159,7905,TEAM_IDLE,True,cooldown_active,,0,615,0
economy_debug_stage3_180,2,0,165,8205,PRODUCE_SEMICONDUCTOR,True,ok,,0,615,0
economy_debug_stage3_180,2,0,172,8557,TEAM_IDLE,True,factory_busy,,0,605,0
economy_debug_stage3_180,2,0,178,8857,TEAM_IDLE,True,cooldown_active,,0,605,0
economy_debug_stage3_180,2,0,185,9205,TEAM_IDLE,True,cooldown_active,,0,605,0
economy_debug_stage3_180,2,0,191,9505,TEAM_IDLE,True,cooldown_active,,0,605,0
economy_debug_stage3_180,2,0,197,9805,TEAM_IDLE,True,cooldown_active,,0,605,0
economy_debug_stage3_180,2,0,204,10153,TEAM_IDLE,True,cooldown_active,,0,605,0
economy_debug_stage3_180,2,0,210,10457,TEAM_IDLE,True,cooldown_active,,0,605,0
economy_debug_stage3_180,2,0,216,10757,TEAM_IDLE,True,cooldown_active,,0,605,0
economy_debug_stage3_180,2,0,223,11101,TEAM_IDLE,True,factory_busy,,0,605,0
economy_debug_stage3_180,2,0,229,11405,TEAM_IDLE,True,cooldown_active,,0,605,0
economy_debug_stage3_180,2,0,235,11705,TEAM_IDLE,True,cooldown_active,,234,605,0
economy_debug_stage3_180,2,0,241,12005,TEAM_IDLE,True,cooldown_active,,234,605,0
economy_debug_stage3_180,2,0,247,12305,TEAM_IDLE,True,cooldown_active,,234,605,0
economy_debug_stage3_180,2,0,254,12653,TEAM_IDLE,True,cooldown_active,,234,605,0
economy_debug_stage3_180,2,0,260,12957,TEAM_IDLE,True,cooldown_active,,234,605,0
economy_debug_stage3_180,2,0,267,13305,TEAM_IDLE,True,cooldown_active,,234,605,0
economy_debug_stage3_180,2,0,273,13605,PRODUCE_SEMICONDUCTOR,True,ok,,234,605,0
economy_debug_stage3_180,2,0,280,13957,TEAM_IDLE,True,cooldown_active,,234,595,0
economy_debug_stage3_180,2,0,287,14305,TEAM_IDLE,True,cooldown_active,,234,755,0
economy_debug_stage3_180,2,0,293,14605,TEAM_IDLE,True,cooldown_active,,234,910,0
economy_debug_stage3_180,2,0,299,14905,TEAM_IDLE,True,cooldown_active,,234,1060,0
economy_debug_stage3_180,2,0,306,15253,TEAM_IDLE,True,cooldown_active,,234,1220,0
economy_debug_stage3_180,2,0,312,15557,TEAM_IDLE,True,cooldown_active,,234,1220,0
economy_debug_stage3_180,2,0,318,15857,TEAM_IDLE,True,cooldown_active,,234,1220,0
economy_debug_stage3_180,2,0,325,16201,TEAM_IDLE,True,factory_busy,,234,1220,0
economy_debug_stage3_180,2,0,331,16505,TEAM_IDLE,True,cooldown_active,,234,1220,0
economy_debug_stage3_180,2,0,337,16805,TEAM_IDLE,True,cooldown_active,,234,1220,0
economy_debug_stage3_180,2,0,343,17105,TEAM_IDLE,True,cooldown_active,,234,1220,0
economy_debug_stage3_180,2,0,349,17405,TEAM_IDLE,True,cooldown_active,,234,1220,0
economy_debug_stage3_180,2,0,355,17705,TEAM_IDLE,True,cooldown_active,,234,1220,0
economy_debug_stage3_180,2,0,362,18053,TEAM_IDLE,True,cooldown_active,,234,1220,0
economy_debug_stage3_180,2,0,368,18357,TEAM_IDLE,True,cooldown_active,,234,1220,0
economy_debug_stage3_180,2,0,374,18657,PRODUCE_TOYS,True,ok,,234,1220,0
economy_debug_stage3_180,2,0,381,19001,TEAM_IDLE,True,factory_busy,,234,1219,0
economy_debug_stage3_180,2,0,387,19302,TEAM_IDLE,True,cooldown_active,,234,1219,0
economy_debug_stage3_180,2,0,394,19654,TEAM_IDLE,True,cooldown_active,,234,1219,0
economy_debug_stage3_180,2,0,400,19958,TEAM_IDLE,True,cooldown_active,,234,1219,0
economy_debug_stage3_180,2,0,407,20306,TEAM_IDLE,True,cooldown_active,,234,1219,0
economy_debug_stage3_180,2,0,413,20602,TEAM_IDLE,True,cooldown_active,,234,1219,0
economy_debug_stage3_180,2,0,420,20954,TEAM_IDLE,True,cooldown_active,,234,1219,0
economy_debug_stage3_180,2,0,426,21254,PRODUCE_TOYS,True,ok,,234,1219,0
economy_debug_stage3_180,2,0,433,21606,TEAM_IDLE,True,factory_busy,,234,1218,0
economy_debug_stage3_180,2,0,440,21954,TEAM_IDLE,True,cooldown_active,,234,1218,0
economy_debug_stage3_180,2,0,446,22258,TEAM_IDLE,True,cooldown_active,,234,1218,0
economy_debug_stage3_180,2,0,453,22606,TEAM_IDLE,True,cooldown_active,,234,1218,0
economy_debug_stage3_180,2,0,460,22954,TEAM_IDLE,True,cooldown_active,,234,1218,0
economy_debug_stage3_180,2,0,467,23306,PRODUCE_TOYS,True,ok,,234,1218,0
economy_debug_stage3_180,2,0,474,23654,TEAM_IDLE,True,cooldown_active,,234,1217,0
economy_debug_stage3_180,2,0,481,24002,TEAM_IDLE,True,cooldown_active,,468,1217,0
economy_debug_stage3_180,2,0,487,24306,TEAM_IDLE,True,factory_busy,,468,1217,0
economy_debug_stage3_180,2,0,494,24654,TEAM_IDLE,True,cooldown_active,,468,1217,0
economy_debug_stage3_180,2,0,501,25006,TEAM_IDLE,True,cooldown_active,,468,1217,0
economy_debug_stage3_180,2,0,508,25354,PRODUCE_MEDICINE,True,ok,,468,1217,0
economy_debug_stage3_180,2,0,515,25702,TEAM_IDLE,True,cooldown_active,,468,1212,0
economy_debug_stage3_180,2,0,521,26006,TEAM_IDLE,True,cooldown_active,,468,1212,0
economy_debug_stage3_180,2,0,528,26354,TEAM_IDLE,True,cooldown_active,,468,1212,0
economy_debug_stage3_180,2,0,535,26706,TEAM_IDLE,True,cooldown_active,,468,1212,0
economy_debug_stage3_180,2,0,542,27058,TEAM_IDLE,True,factory_busy,,468,1212,0
economy_debug_stage3_180,2,0,549,27402,TEAM_IDLE,True,cooldown_active,,468,1212,0
economy_debug_stage3_180,2,0,555,27706,TEAM_IDLE,True,cooldown_active,,468,1212,0
economy_debug_stage3_180,2,0,562,28054,TEAM_IDLE,True,cooldown_active,,468,1212,0
economy_debug_stage3_180,2,0,569,28402,TEAM_IDLE,True,cooldown_active,,468,1212,0
economy_debug_stage3_180,2,0,575,28706,TEAM_IDLE,True,cooldown_active,,468,1212,0
economy_debug_stage3_180,2,0,582,29054,TEAM_IDLE,True,cooldown_active,,468,1212,0
economy_debug_stage3_180,2,0,589,29406,TEAM_IDLE,True,cooldown_active,,468,1212,0
economy_debug_stage3_180,2,0,596,29758,TEAM_IDLE,True,no_production_needed,,468,1212,0
economy_debug_stage3_180,2,0,603,30102,UPGRADE_ATTACK,False,ok,,468,1372,0
economy_debug_stage3_180,2,0,609,30406,TEAM_IDLE,True,no_production_needed,,468,1527,0
economy_debug_stage3_180,2,0,616,30754,UPGRADE_ATTACK,False,ok,,468,1697,0
economy_debug_stage3_180,2,0,623,31102,TEAM_IDLE,True,no_production_needed,,468,1837,0
economy_debug_stage3_180,2,0,629,31406,UPGRADE_ATTACK,False,ok,,468,1837,0
economy_debug_stage3_180,2,0,636,31754,UPGRADE_ATTACK,False,ok,,468,1837,0
economy_debug_stage3_180,2,0,643,32106,UPGRADE_ATTACK,False,ok,,468,1837,0
economy_debug_stage3_180,2,0,649,32406,UPGRADE_EFFICIENCY,True,ok,,468,1837,0
economy_debug_stage3_180,2,0,656,32754,TEAM_IDLE,True,no_production_needed,,468,1837,0
economy_debug_stage3_180,2,0,663,33102,TEAM_IDLE,True,no_production_needed,,468,1837,0
economy_debug_stage3_180,2,0,669,33406,TEAM_IDLE,True,no_production_needed,,468,1837,0
economy_debug_stage3_180,2,0,676,33754,TEAM_IDLE,True,no_production_needed,,468,1837,0
economy_debug_stage3_180,2,0,683,34106,TEAM_IDLE,True,no_production_needed,,468,1837,0
economy_debug_stage3_180,2,0,690,34454,TEAM_IDLE,True,no_production_needed,,468,1837,0
economy_debug_stage3_180,2,0,696,34754,TEAM_IDLE,True,no_production_needed,,468,1837,0
economy_debug_stage3_180,2,0,703,35102,TEAM_IDLE,True,no_production_needed,,468,1837,0
economy_debug_stage3_180,2,0,709,35406,TEAM_IDLE,True,no_production_needed,,468,1837,0
economy_debug_stage3_180,2,0,716,35754,TEAM_IDLE,True,no_production_needed,,468,1837,0
economy_debug_stage3_180,2,0,722,36054,TEAM_IDLE,True,no_production_needed,,468,1837,0
economy_debug_stage3_180,2,0,729,36402,TEAM_IDLE,True,no_production_needed,,468,1837,0
economy_debug_stage3_180,2,0,735,36706,TEAM_IDLE,True,no_production_needed,,468,1837,0
economy_debug_stage3_180,2,0,741,37006,TEAM_IDLE,True,no_production_needed,,468,1837,0
economy_debug_stage3_180,2,0,748,37354,TEAM_IDLE,True,no_production_needed,,468,1837,0
economy_debug_stage3_180,2,0,755,37710,TEAM_IDLE,True,no_production_needed,,468,1837,0
economy_debug_stage3_180,2,0,762,38055,TEAM_IDLE,True,no_production_needed,,468,1837,0
economy_debug_stage3_180,2,0,769,38407,TEAM_IDLE,True,no_production_needed,,468,1837,0
economy_debug_stage3_180,2,0,775,38707,TEAM_IDLE,True,no_production_needed,,468,1837,0
economy_debug_stage3_180,2,0,782,39051,TEAM_IDLE,True,no_production_needed,,468,1837,0
economy_debug_stage3_180,2,0,788,39355,TEAM_IDLE,True,no_production_needed,,468,1837,0
economy_debug_stage3_180,2,0,794,39655,TEAM_IDLE,True,no_production_needed,,468,1837,0
economy_debug_stage3_180,2,0,800,39955,PRODUCE_SEMICONDUCTOR,True,ok,,468,1837,0
economy_debug_stage3_180,2,0,806,40255,TEAM_IDLE,True,cooldown_active,,468,1827,0
economy_debug_stage3_180,2,0,813,40607,TEAM_IDLE,True,cooldown_active,,468,1827,0
economy_debug_stage3_180,2,0,819,40907,TEAM_IDLE,True,cooldown_active,,468,1827,0
economy_debug_stage3_180,2,0,826,41255,TEAM_IDLE,True,cooldown_active,,468,1827,0
economy_debug_stage3_180,2,0,832,41555,TEAM_IDLE,True,cooldown_active,,468,1827,0
economy_debug_stage3_180,2,0,838,41855,TEAM_IDLE,True,cooldown_active,,468,1827,0
economy_debug_stage3_180,2,0,844,42155,TEAM_IDLE,True,cooldown_active,,468,1827,0
economy_debug_stage3_180,2,0,850,42455,TEAM_IDLE,True,factory_busy,,468,1827,0
economy_debug_stage3_180,2,0,857,42807,TEAM_IDLE,True,cooldown_active,,468,1827,0
economy_debug_stage3_180,2,0,863,43107,TEAM_IDLE,True,cooldown_active,,468,1827,0
economy_debug_stage3_180,2,0,870,43455,TEAM_IDLE,True,cooldown_active,,702,1827,0
economy_debug_stage3_180,2,0,876,43755,TEAM_IDLE,True,cooldown_active,,702,1827,0
economy_debug_stage3_180,2,0,882,44055,TEAM_IDLE,True,cooldown_active,,702,1827,0
economy_debug_stage3_180,2,0,889,44407,TEAM_IDLE,True,cooldown_active,,702,1827,0
economy_debug_stage3_180,2,0,896,44755,TEAM_IDLE,True,cooldown_active,,702,1827,0
economy_debug_stage3_180,2,0,902,45055,TEAM_IDLE,True,no_production_needed,,702,1827,0
economy_debug_stage3_180,2,0,908,45355,TEAM_IDLE,True,no_production_needed,,702,1827,0
economy_debug_stage3_180,2,0,915,45707,TEAM_IDLE,True,no_production_needed,,702,1827,0
economy_debug_stage3_180,2,0,922,46055,TEAM_IDLE,True,no_production_needed,,702,1827,0
economy_debug_stage3_180,2,0,929,46407,TEAM_IDLE,True,no_production_needed,,702,1827,0
economy_debug_stage3_180,2,0,936,46755,TEAM_IDLE,True,no_production_needed,,702,1827,0
economy_debug_stage3_180,2,0,942,47055,TEAM_IDLE,True,no_production_needed,,702,1827,0
economy_debug_stage3_180,2,0,948,47355,TEAM_IDLE,True,no_production_needed,,702,1827,0
economy_debug_stage3_180,2,0,954,47655,TEAM_IDLE,True,no_production_needed,,702,1827,0
economy_debug_stage3_180,2,0,961,48007,TEAM_IDLE,True,no_production_needed,,702,1827,0
economy_debug_stage3_180,2,0,967,48307,TEAM_IDLE,True,no_production_needed,,702,1827,0
economy_debug_stage3_180,2,0,973,48607,TEAM_IDLE,True,no_production_needed,,702,1827,0
economy_debug_stage3_180,2,0,980,48951,TEAM_IDLE,True,no_production_needed,,702,1827,0
economy_debug_stage3_180,2,0,986,49255,TEAM_IDLE,True,no_production_needed,,702,1827,0
economy_debug_stage3_180,2,0,992,49555,TEAM_IDLE,True,no_production_needed,,702,1995,0
economy_debug_stage3_180,2,0,998,49855,TEAM_IDLE,True,no_production_needed,,702,2175,0
economy_debug_stage3_180,2,0,1005,50203,TEAM_IDLE,True,no_production_needed,,702,2385,0
economy_debug_stage3_180,2,0,1011,50507,TEAM_IDLE,True,no_production_needed,,702,2565,0
economy_debug_stage3_180,2,0,1018,50855,TEAM_IDLE,True,no_production_needed,,702,2577,0
economy_debug_stage3_180,2,0,1024,51155,TEAM_IDLE,True,no_production_needed,,702,2577,0
economy_debug_stage3_180,2,0,1031,51503,TEAM_IDLE,True,no_production_needed,,702,2577,0
economy_debug_stage3_180,2,0,1037,51807,TEAM_IDLE,True,no_production_needed,,702,2577,0
economy_debug_stage3_180,2,0,1044,52155,TEAM_IDLE,True,no_production_needed,,702,2577,0
economy_debug_stage3_180,2,0,1050,52455,TEAM_IDLE,True,no_production_needed,,702,2577,0
economy_debug_stage3_180,2,0,1056,52755,TEAM_IDLE,True,no_production_needed,,702,2577,0
economy_debug_stage3_180,2,0,1063,53107,TEAM_IDLE,True,no_production_needed,,702,2577,0
economy_debug_stage3_180,2,0,1069,53403,TEAM_IDLE,True,no_production_needed,,702,2577,0
economy_debug_stage3_180,2,0,1076,53755,TEAM_IDLE,True,no_production_needed,,702,2577,0
economy_debug_stage3_180,2,0,1082,54055,TEAM_IDLE,True,no_production_needed,,702,2577,0
economy_debug_stage3_180,2,0,1089,54403,TEAM_IDLE,True,no_production_needed,,702,2577,0
economy_debug_stage3_180,2,0,1096,54755,TEAM_IDLE,True,no_production_needed,,702,2577,0
economy_debug_stage3_180,2,0,1102,55055,TEAM_IDLE,True,no_production_needed,,702,2577,0
economy_debug_stage3_180,2,0,1109,55407,TEAM_IDLE,True,no_production_needed,,702,2577,0
economy_debug_stage3_180,2,0,1116,55755,TEAM_IDLE,True,no_production_needed,,702,2577,0
economy_debug_stage3_180,2,0,1122,56055,TEAM_IDLE,True,no_production_needed,,702,2577,0
economy_debug_stage3_180,2,0,1129,56407,TEAM_IDLE,True,no_production_needed,,702,2577,0
economy_debug_stage3_180,2,0,1136,56755,TEAM_IDLE,True,no_production_needed,,702,2577,0
economy_debug_stage3_180,2,0,1142,57055,TEAM_IDLE,True,no_production_needed,,702,2577,0
economy_debug_stage3_180,2,0,1149,57407,TEAM_IDLE,True,no_production_needed,,702,2577,0
economy_debug_stage3_180,2,0,1155,57704,TEAM_IDLE,True,no_production_needed,,702,2577,0
economy_debug_stage3_180,2,0,1161,58004,TEAM_IDLE,True,no_production_needed,,702,2577,0
economy_debug_stage3_180,2,0,1167,58304,TEAM_IDLE,True,no_production_needed,,702,2577,0
economy_debug_stage3_180,2,0,1173,58604,TEAM_IDLE,True,no_production_needed,,702,2577,0
economy_debug_stage3_180,2,0,1180,58952,TEAM_IDLE,True,no_production_needed,,702,2577,0
economy_debug_stage3_180,2,0,1187,59304,TEAM_IDLE,True,no_production_needed,,702,2577,0
economy_debug_stage3_180,2,0,1194,59656,TEAM_IDLE,True,no_production_needed,,702,2577,0
economy_debug_stage3_180,2,0,1201,60004,PRODUCE_SEMICONDUCTOR,True,ok,,702,2577,0
economy_debug_stage3_180,2,0,1207,60308,TEAM_IDLE,True,cooldown_active,,702,2567,0
economy_debug_stage3_180,2,0,1214,60652,TEAM_IDLE,True,cooldown_active,,702,2567,0
economy_debug_stage3_180,2,0,1220,60956,TEAM_IDLE,True,cooldown_active,,702,2567,0
economy_debug_stage3_180,2,0,1226,61256,TEAM_IDLE,True,cooldown_active,,702,2567,0
economy_debug_stage3_180,2,0,1233,61604,TEAM_IDLE,True,cooldown_active,,702,2567,0
economy_debug_stage3_180,2,0,1240,61952,TEAM_IDLE,True,cooldown_active,,702,2567,0
economy_debug_stage3_180,2,0,1246,62256,TEAM_IDLE,True,cooldown_active,,702,2567,0
economy_debug_stage3_180,2,0,1253,62604,TEAM_IDLE,True,factory_busy,,702,2567,0
economy_debug_stage3_180,2,0,1259,62904,TEAM_IDLE,True,cooldown_active,,702,2567,0
economy_debug_stage3_180,2,0,1265,63204,TEAM_IDLE,True,cooldown_active,,702,2567,0
economy_debug_stage3_180,2,0,1271,63504,TEAM_IDLE,True,cooldown_active,,936,2567,0
economy_debug_stage3_180,2,0,1277,63804,TEAM_IDLE,True,cooldown_active,,936,2567,0
economy_debug_stage3_180,2,0,1284,64152,TEAM_IDLE,True,cooldown_active,,936,2567,0
economy_debug_stage3_180,2,0,1290,64456,TEAM_IDLE,True,cooldown_active,,936,2567,0
economy_debug_stage3_180,2,0,1296,64756,TEAM_IDLE,True,cooldown_active,,936,2567,0
economy_debug_stage3_180,2,0,1302,65056,TEAM_IDLE,True,cooldown_active,,936,2567,0
economy_debug_stage3_180,2,0,1308,65356,TEAM_IDLE,True,no_production_needed,,936,2567,0
economy_debug_stage3_180,2,0,1315,65708,TEAM_IDLE,True,no_production_needed,,936,2567,0
economy_debug_stage3_180,2,0,1321,66008,TEAM_IDLE,True,no_production_needed,,936,2567,0
economy_debug_stage3_180,2,0,1327,66308,TEAM_IDLE,True,no_production_needed,,936,2567,0
economy_debug_stage3_180,2,0,1333,66604,TEAM_IDLE,True,no_production_needed,,936,2567,0
economy_debug_stage3_180,2,0,1340,66956,TEAM_IDLE,True,no_production_needed,,936,2567,0
economy_debug_stage3_180,2,0,1346,67256,TEAM_IDLE,True,no_production_needed,,936,2567,0
economy_debug_stage3_180,2,0,1352,67556,TEAM_IDLE,True,no_production_needed,,936,2567,0
economy_debug_stage3_180,2,0,1359,67908,TEAM_IDLE,True,no_production_needed,,936,2567,0
economy_debug_stage3_180,2,0,1365,68208,TEAM_IDLE,True,no_production_needed,,936,2567,0
economy_debug_stage3_180,2,0,1371,68508,TEAM_IDLE,True,no_production_needed,,936,2567,0
economy_debug_stage3_180,2,0,1378,68856,TEAM_IDLE,True,no_production_needed,,936,2567,0
economy_debug_stage3_180,2,0,1384,69156,TEAM_IDLE,True,no_production_needed,,936,2567,0
economy_debug_stage3_180,2,0,1390,69456,TEAM_IDLE,True,no_production_needed,,936,2567,0
economy_debug_stage3_180,2,0,1397,69804,TEAM_IDLE,True,no_production_needed,,936,2567,0
economy_debug_stage3_180,2,0,1404,70152,UPGRADE_EFFICIENCY,True,ok,,936,2567,0
economy_debug_stage3_180,2,0,1410,70456,TEAM_IDLE,True,no_production_needed,,936,2567,0
economy_debug_stage3_180,2,0,1417,70808,TEAM_IDLE,True,no_production_needed,,936,2567,0
economy_debug_stage3_180,2,0,1423,71108,TEAM_IDLE,True,no_production_needed,,936,2567,0
economy_debug_stage3_180,2,0,1430,71456,TEAM_IDLE,True,no_production_needed,,936,2567,0
economy_debug_stage3_180,2,0,1437,71804,TEAM_IDLE,True,no_production_needed,,936,2567,0
economy_debug_stage3_180,2,0,1443,72104,TEAM_IDLE,True,no_production_needed,,936,2567,0
economy_debug_stage3_180,2,0,1449,72404,TEAM_IDLE,True,no_production_needed,,936,2567,0
economy_debug_stage3_180,2,0,1456,72756,TEAM_IDLE,True,no_production_needed,,936,2567,0
economy_debug_stage3_180,2,0,1462,73056,TEAM_IDLE,True,no_production_needed,,936,2567,0
economy_debug_stage3_180,2,0,1469,73408,TEAM_IDLE,True,no_production_needed,,936,2567,0
economy_debug_stage3_180,2,0,1476,73756,TEAM_IDLE,True,no_production_needed,,936,2567,0
economy_debug_stage3_180,2,0,1483,74104,TEAM_IDLE,True,no_production_needed,,936,2567,0
economy_debug_stage3_180,2,0,1490,74452,TEAM_IDLE,True,no_production_needed,,936,2567,0
economy_debug_stage3_180,2,0,1496,74756,TEAM_IDLE,True,no_production_needed,,936,2567,0
economy_debug_stage3_180,2,0,1502,75056,TEAM_IDLE,True,no_production_needed,,936,2567,0
economy_debug_stage3_180,2,0,1508,75356,TEAM_IDLE,True,no_production_needed,,936,2567,0
economy_debug_stage3_180,2,0,1514,75656,TEAM_IDLE,True,no_production_needed,,936,2567,0
economy_debug_stage3_180,2,0,1521,76004,TEAM_IDLE,True,no_production_needed,,936,2567,0
economy_debug_stage3_180,2,0,1528,76356,TEAM_IDLE,True,no_production_needed,,936,2567,0
economy_debug_stage3_180,2,0,1535,76704,TEAM_IDLE,True,no_production_needed,,936,2567,0
economy_debug_stage3_180,2,0,1542,77052,TEAM_IDLE,True,no_production_needed,,936,2567,0
economy_debug_stage3_180,2,0,1548,77352,TEAM_IDLE,True,no_production_needed,,936,2567,0
economy_debug_stage3_180,2,0,1554,77653,TEAM_IDLE,True,no_production_needed,,936,2567,0
economy_debug_stage3_180,2,0,1560,77957,TEAM_IDLE,True,no_production_needed,,936,2567,0
economy_debug_stage3_180,2,0,1567,78301,TEAM_IDLE,True,no_production_needed,,936,2567,0
economy_debug_stage3_180,2,0,1573,78605,TEAM_IDLE,True,no_production_needed,,936,2567,0
economy_debug_stage3_180,2,0,1579,78905,TEAM_IDLE,True,no_production_needed,,936,2567,0
economy_debug_stage3_180,2,0,1585,79205,TEAM_IDLE,True,no_production_needed,,936,2567,0
economy_debug_stage3_180,2,0,1592,79553,TEAM_IDLE,True,no_production_needed,,936,2567,0
economy_debug_stage3_180,2,0,1598,79857,TEAM_IDLE,True,no_production_needed,,936,2567,0
economy_debug_stage3_180,2,0,1604,80157,TEAM_IDLE,True,no_production_needed,,936,2567,0
economy_debug_stage3_180,2,0,1610,80457,TEAM_IDLE,True,no_production_needed,,936,2567,0
economy_debug_stage3_180,2,0,1617,80805,TEAM_IDLE,True,no_production_needed,,936,2567,0
economy_debug_stage3_180,2,0,1624,81157,TEAM_IDLE,True,no_production_needed,,936,2567,0
economy_debug_stage3_180,2,0,1630,81457,TEAM_IDLE,True,no_production_needed,,936,2567,0
economy_debug_stage3_180,2,0,1636,81757,TEAM_IDLE,True,no_production_needed,,936,2567,0
economy_debug_stage3_180,2,0,1643,82105,TEAM_IDLE,True,no_production_needed,,936,2567,0
economy_debug_stage3_180,2,0,1649,82405,TEAM_IDLE,True,no_production_needed,,936,2567,0
economy_debug_stage3_180,2,0,1655,82705,TEAM_IDLE,True,no_production_needed,,936,2567,0
economy_debug_stage3_180,2,0,1661,83005,TEAM_IDLE,True,no_production_needed,,936,2567,0
economy_debug_stage3_180,2,0,1667,83305,TEAM_IDLE,True,no_production_needed,,936,2567,0
economy_debug_stage3_180,2,0,1674,83653,TEAM_IDLE,True,no_production_needed,,936,2567,0
economy_debug_stage3_180,2,0,1680,83957,TEAM_IDLE,True,no_production_needed,,936,2567,0
economy_debug_stage3_180,2,0,1686,84257,TEAM_IDLE,True,no_production_needed,,936,2567,0
economy_debug_stage3_180,2,0,1693,84605,TEAM_IDLE,True,no_production_needed,,936,2567,0
economy_debug_stage3_180,2,0,1699,84905,TEAM_IDLE,True,no_production_needed,,936,2567,0
economy_debug_stage3_180,2,0,1705,85205,TEAM_IDLE,True,no_production_needed,,936,2567,0
economy_debug_stage3_180,2,0,1711,85505,TEAM_IDLE,True,no_production_needed,,936,2567,0
economy_debug_stage3_180,2,0,1717,85805,TEAM_IDLE,True,no_production_needed,,936,2567,0
economy_debug_stage3_180,2,0,1723,86105,TEAM_IDLE,True,no_production_needed,,936,2567,0
economy_debug_stage3_180,2,0,1730,86453,TEAM_IDLE,True,no_production_needed,,936,2567,0
economy_debug_stage3_180,2,0,1736,86757,TEAM_IDLE,True,no_production_needed,,936,2567,0
economy_debug_stage3_180,2,0,1742,87057,TEAM_IDLE,True,no_production_needed,,936,2567,0
economy_debug_stage3_180,2,0,1748,87357,TEAM_IDLE,True,no_production_needed,,936,2567,0
economy_debug_stage3_180,2,0,1755,87705,TEAM_IDLE,True,no_production_needed,,936,2567,0
economy_debug_stage3_180,2,0,1761,88005,TEAM_IDLE,True,no_production_needed,,936,2567,0
economy_debug_stage3_180,2,0,1767,88305,TEAM_IDLE,True,no_production_needed,,936,2567,0
economy_debug_stage3_180,2,0,1773,88605,TEAM_IDLE,True,no_production_needed,,936,2567,0
economy_debug_stage3_180,2,0,1779,88905,TEAM_IDLE,True,no_production_needed,,936,2567,0
economy_debug_stage3_180,2,0,1785,89205,TEAM_IDLE,True,no_production_needed,,936,2567,0
economy_debug_stage3_180,2,0,1792,89553,TEAM_IDLE,True,no_production_needed,,936,2567,0
economy_debug_stage3_180,2,0,1798,89857,TEAM_IDLE,True,no_production_needed,,936,2567,0
economy_debug_stage3_180,2,0,1804,90157,TEAM_IDLE,True,no_production_needed,,936,2567,0
economy_debug_stage3_180,2,0,1811,90501,TEAM_IDLE,True,no_production_needed,,936,2567,0
economy_debug_stage3_180,2,0,1817,90805,TEAM_IDLE,True,no_production_needed,,936,2567,0
economy_debug_stage3_180,2,0,1823,91105,TEAM_IDLE,True,no_production_needed,,936,2567,0
economy_debug_stage3_180,2,0,1829,91405,TEAM_IDLE,True,no_production_needed,,936,2567,0
economy_debug_stage3_180,2,0,1835,91705,TEAM_IDLE,True,no_production_needed,,936,2567,0
economy_debug_stage3_180,2,0,1842,92057,TEAM_IDLE,True,no_production_needed,,936,2567,0
economy_debug_stage3_180,2,0,1848,92357,TEAM_IDLE,True,no_production_needed,,936,2567,0
economy_debug_stage3_180,2,0,1855,92701,TEAM_IDLE,True,no_production_needed,,936,2567,0
economy_debug_stage3_180,2,0,1861,93005,TEAM_IDLE,True,no_production_needed,,936,2567,0
economy_debug_stage3_180,2,0,1867,93305,TEAM_IDLE,True,no_production_needed,,936,2567,0
economy_debug_stage3_180,2,0,1873,93605,TEAM_IDLE,True,no_production_needed,,936,2567,0
economy_debug_stage3_180,2,0,1879,93905,TEAM_IDLE,True,no_production_needed,,936,2567,0
economy_debug_stage3_180,2,0,1886,94253,TEAM_IDLE,True,no_production_needed,,936,2567,0
economy_debug_stage3_180,2,0,1892,94557,TEAM_IDLE,True,no_production_needed,,936,2567,0
economy_debug_stage3_180,2,0,1898,94857,TEAM_IDLE,True,no_production_needed,,936,2567,0
economy_debug_stage3_180,2,0,1905,95201,TEAM_IDLE,True,no_production_needed,,936,2567,0
economy_debug_stage3_180,2,0,1911,95505,TEAM_IDLE,True,no_production_needed,,936,2567,0
economy_debug_stage3_180,2,0,1917,95805,TEAM_IDLE,True,no_production_needed,,936,2567,0
economy_debug_stage3_180,2,0,1923,96105,TEAM_IDLE,True,no_production_needed,,936,2567,0
economy_debug_stage3_180,2,0,1929,96405,TEAM_IDLE,True,no_production_needed,,936,2567,0
economy_debug_stage3_180,2,0,1935,96705,TEAM_IDLE,True,no_production_needed,,936,2567,0
economy_debug_stage3_180,2,0,1941,97005,TEAM_IDLE,True,no_production_needed,,936,2567,0
economy_debug_stage3_180,2,0,1948,97357,TEAM_IDLE,True,no_production_needed,,936,2567,0
economy_debug_stage3_180,2,0,1954,97657,TEAM_IDLE,True,no_production_needed,,936,2567,0
economy_debug_stage3_180,2,0,1961,98002,TEAM_IDLE,True,no_production_needed,,936,2567,0
economy_debug_stage3_180,2,0,1967,98306,TEAM_IDLE,True,no_production_needed,,936,2567,0
economy_debug_stage3_180,2,0,1974,98654,TEAM_IDLE,True,no_production_needed,,936,2567,0
economy_debug_stage3_180,2,0,1981,99002,TEAM_IDLE,True,no_production_needed,,936,2567,0
economy_debug_stage3_180,2,0,1987,99310,TEAM_IDLE,True,no_production_needed,,936,2567,0
economy_debug_stage3_180,2,0,1994,99658,TEAM_IDLE,True,no_production_needed,,936,2567,0
economy_debug_stage3_180,2,0,2001,100006,TEAM_IDLE,True,no_production_needed,,936,2567,0
economy_debug_stage3_180,2,0,2008,100354,TEAM_IDLE,True,no_production_needed,,936,2567,0
economy_debug_stage3_180,2,0,2014,100658,TEAM_IDLE,True,no_production_needed,,936,2567,0
economy_debug_stage3_180,2,0,2021,101006,TEAM_IDLE,True,no_production_needed,,936,2567,0
economy_debug_stage3_180,2,0,2028,101354,TEAM_IDLE,True,no_production_needed,,936,2567,0
economy_debug_stage3_180,2,0,2034,101658,TEAM_IDLE,True,no_production_needed,,936,2567,0
economy_debug_stage3_180,2,0,2041,102002,TEAM_IDLE,True,no_production_needed,,936,2567,0
economy_debug_stage3_180,2,0,2047,102306,TEAM_IDLE,True,no_production_needed,,936,2567,0
economy_debug_stage3_180,2,0,2053,102606,TEAM_IDLE,True,no_production_needed,,936,2567,0
economy_debug_stage3_180,2,0,2060,102958,TEAM_IDLE,True,no_production_needed,,936,2567,0
economy_debug_stage3_180,2,0,2067,103302,TEAM_IDLE,True,no_production_needed,,936,2567,0
economy_debug_stage3_180,2,0,2073,103606,TEAM_IDLE,True,no_production_needed,,936,2567,0
economy_debug_stage3_180,2,0,2080,103958,TEAM_IDLE,True,no_production_needed,,936,2567,0
economy_debug_stage3_180,2,0,2087,104302,TEAM_IDLE,True,no_production_needed,,936,2567,0
economy_debug_stage3_180,2,0,2093,104602,TEAM_IDLE,True,no_production_needed,,936,2567,0
economy_debug_stage3_180,2,0,2099,104906,TEAM_IDLE,True,no_production_needed,,936,2567,0
economy_debug_stage3_180,2,0,2105,105206,TEAM_IDLE,True,no_production_needed,,936,2567,0
economy_debug_stage3_180,2,0,2111,105506,TEAM_IDLE,True,no_production_needed,,936,2567,0
economy_debug_stage3_180,2,0,2118,105854,TEAM_IDLE,True,no_production_needed,,936,2567,0
economy_debug_stage3_180,2,0,2124,106154,TEAM_IDLE,True,no_production_needed,,936,2567,0
economy_debug_stage3_180,2,0,2131,106502,TEAM_IDLE,True,no_production_needed,,936,2567,0
economy_debug_stage3_180,2,0,2137,106802,TEAM_IDLE,True,no_production_needed,,936,2567,0
economy_debug_stage3_180,2,0,2143,107102,TEAM_IDLE,True,no_production_needed,,936,2567,0
economy_debug_stage3_180,2,0,2149,107402,TEAM_IDLE,True,no_production_needed,,936,2567,0
economy_debug_stage3_180,2,0,2155,107706,TEAM_IDLE,True,no_production_needed,,936,2567,0
economy_debug_stage3_180,2,0,2161,108006,TEAM_IDLE,True,no_production_needed,,936,2567,0
economy_debug_stage3_180,2,0,2167,108306,TEAM_IDLE,True,no_production_needed,,936,2567,0
economy_debug_stage3_180,2,0,2173,108606,TEAM_IDLE,True,no_production_needed,,936,2567,0
economy_debug_stage3_180,2,0,2179,108906,TEAM_IDLE,True,no_production_needed,,936,2567,0
economy_debug_stage3_180,2,0,2185,109206,TEAM_IDLE,True,no_production_needed,,936,2567,0
economy_debug_stage3_180,2,0,2191,109506,TEAM_IDLE,True,no_production_needed,,936,2567,0
economy_debug_stage3_180,2,0,2198,109854,TEAM_IDLE,True,no_production_needed,,936,2567,0
economy_debug_stage3_180,2,0,2204,110154,TEAM_IDLE,True,no_production_needed,,936,2567,0
economy_debug_stage3_180,2,0,2211,110506,UPGRADE_EFFICIENCY,False,ok,,936,2567,0
economy_debug_stage3_180,2,0,2218,110854,UPGRADE_MOVE_SPEED,True,ok,,936,2567,0
economy_debug_stage3_180,2,0,2225,111206,TEAM_IDLE,True,no_production_needed,,936,2567,0
economy_debug_stage3_180,2,0,2232,111554,TEAM_IDLE,True,no_production_needed,,936,2567,0
economy_debug_stage3_180,2,0,2238,111854,TEAM_IDLE,True,no_production_needed,,936,2567,0
economy_debug_stage3_180,2,0,2245,112206,TEAM_IDLE,True,no_production_needed,,936,2567,0
economy_debug_stage3_180,2,0,2252,112554,TEAM_IDLE,True,no_production_needed,,936,2567,0
economy_debug_stage3_180,2,0,2258,112854,TEAM_IDLE,True,no_production_needed,,936,2567,0
economy_debug_stage3_180,2,0,2264,113154,TEAM_IDLE,True,no_production_needed,,936,2567,0
economy_debug_stage3_180,2,0,2270,113454,TEAM_IDLE,True,no_production_needed,,936,2567,0
economy_debug_stage3_180,2,0,2277,113802,TEAM_IDLE,True,no_production_needed,,936,2567,0
economy_debug_stage3_180,2,0,2283,114106,TEAM_IDLE,True,no_production_needed,,936,2567,0
economy_debug_stage3_180,2,0,2290,114454,TEAM_IDLE,True,no_production_needed,,936,2567,0
economy_debug_stage3_180,2,0,2296,114754,TEAM_IDLE,True,no_production_needed,,936,2567,0
economy_debug_stage3_180,2,0,2302,115054,TEAM_IDLE,True,no_production_needed,,936,2567,0
economy_debug_stage3_180,2,0,2309,115402,TEAM_IDLE,True,no_production_needed,,936,2567,0
economy_debug_stage3_180,2,0,2315,115706,TEAM_IDLE,True,no_production_needed,,936,2567,0
economy_debug_stage3_180,2,0,2322,116054,TEAM_IDLE,True,no_production_needed,,936,2567,0
economy_debug_stage3_180,2,0,2329,116406,TEAM_IDLE,True,no_production_needed,,936,2567,0
economy_debug_stage3_180,2,0,2336,116758,TEAM_IDLE,True,no_production_needed,,936,2567,0
economy_debug_stage3_180,2,0,2343,117102,TEAM_IDLE,True,no_production_needed,,936,2567,0
economy_debug_stage3_180,2,0,2349,117406,TEAM_IDLE,True,no_production_needed,,936,2567,0
economy_debug_stage3_180,2,0,2356,117758,TEAM_IDLE,True,no_production_needed,,936,2567,0
economy_debug_stage3_180,2,0,2363,118102,TEAM_IDLE,True,no_production_needed,,936,2567,0
economy_debug_stage3_180,2,0,2369,118406,TEAM_IDLE,True,no_production_needed,,936,2567,0
economy_debug_stage3_180,2,0,2376,118755,TEAM_IDLE,True,no_production_needed,,936,2567,0
economy_debug_stage3_180,2,0,2382,119055,TEAM_IDLE,True,no_production_needed,,936,2567,0
economy_debug_stage3_180,2,0,2388,119355,TEAM_IDLE,True,no_production_needed,,936,2567,0
economy_debug_stage3_180,2,0,2394,119655,TEAM_IDLE,True,no_production_needed,,936,2567,0
economy_debug_stage3_180,2,0,2401,120003,TEAM_IDLE,True,no_production_needed,,936,2567,0
economy_debug_stage3_180,2,0,2407,120303,TEAM_IDLE,True,no_production_needed,,936,2567,0
economy_debug_stage3_180,2,0,2413,120607,TEAM_IDLE,True,no_production_needed,,936,2567,0
economy_debug_stage3_180,2,0,2420,120955,TEAM_IDLE,True,no_production_needed,,936,2567,0
economy_debug_stage3_180,2,0,2426,121255,TEAM_IDLE,True,no_production_needed,,936,2567,0
economy_debug_stage3_180,2,0,2432,121555,TEAM_IDLE,True,no_production_needed,,936,2567,0
economy_debug_stage3_180,2,0,2439,121907,TEAM_IDLE,True,no_production_needed,,936,2567,0
economy_debug_stage3_180,2,0,2446,122255,TEAM_IDLE,True,no_production_needed,,936,2567,0
economy_debug_stage3_180,2,0,2452,122555,TEAM_IDLE,True,no_production_needed,,936,2567,0
economy_debug_stage3_180,2,0,2459,122907,TEAM_IDLE,True,no_production_needed,,936,2567,0
economy_debug_stage3_180,2,0,2466,123255,TEAM_IDLE,True,no_production_needed,,936,2567,0
economy_debug_stage3_180,2,0,2472,123555,TEAM_IDLE,True,no_production_needed,,936,2567,0
economy_debug_stage3_180,2,0,2479,123907,TEAM_IDLE,True,no_production_needed,,936,2567,0
economy_debug_stage3_180,2,0,2486,124255,TEAM_IDLE,True,no_production_needed,,936,2567,0
economy_debug_stage3_180,2,0,2492,124555,TEAM_IDLE,True,no_production_needed,,936,2567,0
economy_debug_stage3_180,2,0,2498,124855,TEAM_IDLE,True,no_production_needed,,936,2567,0
economy_debug_stage3_180,2,0,2504,125155,TEAM_IDLE,True,no_production_needed,,936,2567,0
economy_debug_stage3_180,2,0,2510,125455,TEAM_IDLE,True,no_production_needed,,936,2567,0
economy_debug_stage3_180,2,0,2517,125807,TEAM_IDLE,True,no_production_needed,,936,2567,0
economy_debug_stage3_180,2,0,2523,126107,TEAM_IDLE,True,no_production_needed,,936,2567,0
economy_debug_stage3_180,2,0,2529,126407,TEAM_IDLE,True,no_production_needed,,936,2567,0
economy_debug_stage3_180,2,0,2535,126707,TEAM_IDLE,True,no_production_needed,,936,2567,0
economy_debug_stage3_180,2,0,2541,127007,TEAM_IDLE,True,no_production_needed,,936,2567,0
economy_debug_stage3_180,2,0,2548,127355,TEAM_IDLE,True,no_production_needed,,936,2567,0
economy_debug_stage3_180,2,0,2554,127655,TEAM_IDLE,True,no_production_needed,,936,2567,0
economy_debug_stage3_180,2,0,2560,127955,TEAM_IDLE,True,no_production_needed,,936,2567,0
economy_debug_stage3_180,2,0,2566,128255,TEAM_IDLE,True,no_production_needed,,936,2567,0
economy_debug_stage3_180,2,0,2573,128607,TEAM_IDLE,True,no_production_needed,,936,2567,0
economy_debug_stage3_180,2,0,2579,128907,TEAM_IDLE,True,no_production_needed,,936,2567,0
economy_debug_stage3_180,2,0,2585,129207,TEAM_IDLE,True,no_production_needed,,936,2567,0
economy_debug_stage3_180,2,0,2591,129507,TEAM_IDLE,True,no_production_needed,,936,2567,0
economy_debug_stage3_180,2,0,2598,129855,TEAM_IDLE,True,no_production_needed,,936,2567,0
economy_debug_stage3_180,2,0,2605,130203,TEAM_IDLE,True,no_production_needed,,936,2567,0
economy_debug_stage3_180,2,0,2611,130507,TEAM_IDLE,True,no_production_needed,,936,2567,0
economy_debug_stage3_180,2,0,2617,130807,TEAM_IDLE,True,no_production_needed,,936,2567,0
economy_debug_stage3_180,2,0,2624,131155,TEAM_IDLE,True,no_production_needed,,936,2567,0
economy_debug_stage3_180,2,0,2630,131455,TEAM_IDLE,True,no_production_needed,,936,2567,0
economy_debug_stage3_180,2,0,2636,131755,TEAM_IDLE,True,no_production_needed,,936,2567,0
economy_debug_stage3_180,2,0,2643,132107,TEAM_IDLE,True,no_production_needed,,936,2567,0
economy_debug_stage3_180,2,0,2650,132455,TEAM_IDLE,True,no_production_needed,,936,2567,0
economy_debug_stage3_180,2,0,2657,132807,TEAM_IDLE,True,no_production_needed,,936,2567,0
economy_debug_stage3_180,2,0,2664,133155,TEAM_IDLE,True,no_production_needed,,936,2567,0
economy_debug_stage3_180,2,0,2671,133503,TEAM_IDLE,True,no_production_needed,,936,2567,0
economy_debug_stage3_180,2,0,2677,133807,TEAM_IDLE,True,no_production_needed,,936,2567,0
economy_debug_stage3_180,2,0,2684,134155,TEAM_IDLE,True,no_production_needed,,936,2567,0
economy_debug_stage3_180,2,0,2691,134507,TEAM_IDLE,True,no_production_needed,,936,2567,0
economy_debug_stage3_180,2,0,2697,134803,TEAM_IDLE,True,no_production_needed,,936,2567,0
economy_debug_stage3_180,2,0,2704,135155,TEAM_IDLE,True,no_production_needed,,936,2567,0
economy_debug_stage3_180,2,0,2710,135455,TEAM_IDLE,True,no_production_needed,,936,2567,0
economy_debug_stage3_180,2,0,2716,135755,TEAM_IDLE,True,no_production_needed,,936,2567,0
economy_debug_stage3_180,2,0,2723,136103,TEAM_IDLE,True,no_production_needed,,936,2567,0
economy_debug_stage3_180,2,0,2729,136407,TEAM_IDLE,True,no_production_needed,,936,2567,0
economy_debug_stage3_180,2,0,2736,136755,TEAM_IDLE,True,no_production_needed,,936,2567,0
economy_debug_stage3_180,2,0,2742,137055,TEAM_IDLE,True,no_production_needed,,936,2567,0
economy_debug_stage3_180,2,0,2748,137355,TEAM_IDLE,True,no_production_needed,,936,2567,0
economy_debug_stage3_180,2,0,2755,137707,TEAM_IDLE,True,no_production_needed,,936,2567,0
economy_debug_stage3_180,2,0,2762,138055,TEAM_IDLE,True,no_production_needed,,936,2567,0
economy_debug_stage3_180,2,0,2768,138355,TEAM_IDLE,True,no_production_needed,,936,2567,0
economy_debug_stage3_180,2,0,2774,138655,TEAM_IDLE,True,no_production_needed,,936,2567,0
economy_debug_stage3_180,2,0,2781,139003,TEAM_IDLE,True,no_production_needed,,936,2567,0
economy_debug_stage3_180,2,0,2787,139307,TEAM_IDLE,True,no_production_needed,,936,2567,0
economy_debug_stage3_180,2,0,2794,139651,TEAM_IDLE,True,no_production_needed,,936,2567,0
economy_debug_stage3_180,2,0,2800,139955,TEAM_IDLE,True,no_production_needed,,936,2567,0
economy_debug_stage3_180,2,0,2806,140252,TEAM_IDLE,True,no_production_needed,,936,2567,0
economy_debug_stage3_180,2,0,2812,140552,TEAM_IDLE,True,no_production_needed,,936,2567,0
economy_debug_stage3_180,2,0,2818,140856,TEAM_IDLE,True,no_production_needed,,936,2567,0
economy_debug_stage3_180,2,0,2825,141204,TEAM_IDLE,True,no_production_needed,,936,2567,0
economy_debug_stage3_180,2,0,2832,141552,TEAM_IDLE,True,no_production_needed,,936,2567,0
economy_debug_stage3_180,2,0,2838,141856,TEAM_IDLE,True,no_production_needed,,936,2567,0
economy_debug_stage3_180,2,0,2845,142204,TEAM_IDLE,True,no_production_needed,,936,2567,0
economy_debug_stage3_180,2,0,2852,142552,TEAM_IDLE,True,no_production_needed,,936,2567,0
economy_debug_stage3_180,2,0,2858,142856,TEAM_IDLE,True,no_production_needed,,936,2567,0
economy_debug_stage3_180,2,0,2865,143204,TEAM_IDLE,True,no_production_needed,,936,2567,0
economy_debug_stage3_180,2,0,2872,143556,TEAM_IDLE,True,no_production_needed,,936,2567,0
economy_debug_stage3_180,2,0,2879,143904,TEAM_IDLE,True,no_production_needed,,936,2567,0
economy_debug_stage3_180,2,0,2886,144256,TEAM_IDLE,True,no_production_needed,,936,2567,0
economy_debug_stage3_180,2,0,2893,144604,TEAM_IDLE,True,no_production_needed,,936,2567,0
economy_debug_stage3_180,2,0,2900,144952,TEAM_IDLE,True,no_production_needed,,936,2567,0
economy_debug_stage3_180,2,0,2906,145256,TEAM_IDLE,True,no_production_needed,,936,2567,0
economy_debug_stage3_180,2,0,2912,145556,TEAM_IDLE,True,no_production_needed,,936,2567,0
economy_debug_stage3_180,2,0,2919,145904,TEAM_IDLE,True,no_production_needed,,936,2567,0
economy_debug_stage3_180,2,0,2926,146252,TEAM_IDLE,True,no_production_needed,,936,2567,0
economy_debug_stage3_180,2,0,2932,146556,TEAM_IDLE,True,no_production_needed,,936,2567,0
economy_debug_stage3_180,2,0,2939,146904,TEAM_IDLE,True,no_production_needed,,936,2567,0
economy_debug_stage3_180,2,0,2946,147256,TEAM_IDLE,True,no_production_needed,,936,2567,0
economy_debug_stage3_180,2,0,2953,147604,TEAM_IDLE,True,no_production_needed,,936,2567,0
economy_debug_stage3_180,2,0,2960,147952,TEAM_IDLE,True,no_production_needed,,936,2567,0
economy_debug_stage3_180,2,0,2966,148256,TEAM_IDLE,True,no_production_needed,,936,2567,0
economy_debug_stage3_180,2,0,2973,148604,TEAM_IDLE,True,no_production_needed,,936,2567,0
economy_debug_stage3_180,2,0,2980,148952,TEAM_IDLE,True,no_production_needed,,936,2567,0
economy_debug_stage3_180,2,0,2986,149256,TEAM_IDLE,True,no_production_needed,,936,2567,0
economy_debug_stage3_180,2,0,2993,149604,TEAM_IDLE,True,no_production_needed,,936,2567,0
economy_debug_stage3_180,2,0,3000,149956,TEAM_IDLE,True,no_production_needed,,936,2567,0
economy_debug_stage3_180,2,0,3007,150304,UPGRADE_EFFICIENCY,False,ok,,936,2567,0
economy_debug_stage3_180,2,0,3014,150656,TEAM_IDLE,True,no_production_needed,,936,2567,0
economy_debug_stage3_180,2,0,3021,151004,TEAM_IDLE,True,no_production_needed,,936,2567,0
economy_debug_stage3_180,2,0,3028,151352,UPGRADE_EFFICIENCY,False,ok,,936,2567,0
economy_debug_stage3_180,2,0,3035,151704,UPGRADE_EFFICIENCY,False,ok,,936,2567,0
economy_debug_stage3_180,2,0,3041,152004,UPGRADE_ATTACK,False,ok,,936,2567,0
economy_debug_stage3_180,2,0,3048,152352,UPGRADE_ATTACK,False,ok,,936,2567,0
economy_debug_stage3_180,2,0,3054,152656,UPGRADE_EFFICIENCY,False,ok,,936,2567,0
economy_debug_stage3_180,2,0,3061,153004,TEAM_IDLE,True,no_production_needed,,936,2567,0
economy_debug_stage3_180,2,0,3068,153356,UPGRADE_ATTACK,False,ok,,936,2567,0
economy_debug_stage3_180,2,0,3075,153708,TEAM_IDLE,True,no_production_needed,,936,2567,0
economy_debug_stage3_180,2,0,3082,154052,UPGRADE_MOVE_SPEED,False,ok,,936,2567,0
economy_debug_stage3_180,2,0,3088,154356,UPGRADE_EFFICIENCY,False,ok,,936,2567,0
economy_debug_stage3_180,2,0,3095,154704,TEAM_IDLE,True,no_production_needed,,936,2567,0
economy_debug_stage3_180,2,0,3102,155056,UPGRADE_MOVE_SPEED,False,ok,,936,2567,0
economy_debug_stage3_180,2,0,3109,155404,UPGRADE_ATTACK,False,ok,,936,2567,0
economy_debug_stage3_180,2,0,3116,155752,UPGRADE_ATTACK,False,ok,,936,2567,0
economy_debug_stage3_180,2,0,3122,156056,UPGRADE_MOVE_SPEED,False,ok,,936,2567,0
economy_debug_stage3_180,2,0,3129,156404,TEAM_IDLE,True,no_production_needed,,936,2567,0
economy_debug_stage3_180,2,0,3136,156752,UPGRADE_MOVE_SPEED,False,ok,,936,2567,0
economy_debug_stage3_180,2,0,3142,157056,TEAM_IDLE,True,no_production_needed,,936,2567,0
economy_debug_stage3_180,2,0,3149,157404,TEAM_IDLE,True,no_production_needed,,936,2567,0
economy_debug_stage3_180,2,0,3156,157752,TEAM_IDLE,True,no_production_needed,,936,2567,0
economy_debug_stage3_180,2,0,3162,158056,UPGRADE_ATTACK,False,ok,,936,2567,0
economy_debug_stage3_180,2,0,3169,158404,UPGRADE_ATTACK,False,ok,,936,2567,0
economy_debug_stage3_180,2,0,3176,158756,UPGRADE_MOVE_SPEED,False,ok,,936,2567,0
economy_debug_stage3_180,2,0,3183,159104,TEAM_IDLE,True,no_production_needed,,936,2567,0
economy_debug_stage3_180,2,0,3190,159456,UPGRADE_ATTACK,False,ok,,936,2567,0
economy_debug_stage3_180,2,0,3197,159804,UPGRADE_MOVE_SPEED,False,ok,,936,2567,0
economy_debug_stage3_180,2,0,3204,160152,RECRUIT_ROBOT,True,ok,,936,2567,0
economy_debug_stage3_180,2,0,3210,160452,TEAM_IDLE,True,no_production_needed,,936,2567,0
economy_debug_stage3_180,2,0,3216,160756,TEAM_IDLE,True,no_production_needed,,936,2567,0
economy_debug_stage3_180,2,0,3223,161108,TEAM_IDLE,True,no_production_needed,,936,2567,0
economy_debug_stage3_180,2,0,3229,161408,TEAM_IDLE,True,no_production_needed,,936,2567,0
economy_debug_stage3_180,2,0,3235,161704,TEAM_IDLE,True,no_production_needed,,936,2567,0
economy_debug_stage3_180,2,0,3242,162056,TEAM_IDLE,True,no_production_needed,,936,2567,0
economy_debug_stage3_180,2,0,3249,162405,TEAM_IDLE,True,no_production_needed,,936,2567,0
economy_debug_stage3_180,2,0,3255,162705,TEAM_IDLE,True,no_production_needed,,936,2567,0
economy_debug_stage3_180,2,0,3261,163005,TEAM_IDLE,True,no_production_needed,,936,2567,0
economy_debug_stage3_180,2,0,3267,163305,TEAM_IDLE,True,no_production_needed,,936,2567,0
economy_debug_stage3_180,2,0,3274,163657,TEAM_IDLE,True,no_production_needed,,936,2567,0
economy_debug_stage3_180,2,0,3281,164005,TEAM_IDLE,True,no_production_needed,,936,2567,0
economy_debug_stage3_180,2,0,3287,164305,TEAM_IDLE,True,no_production_needed,,936,2567,0
economy_debug_stage3_180,2,0,3294,164653,TEAM_IDLE,True,no_production_needed,,936,2567,0
economy_debug_stage3_180,2,0,3300,164957,TEAM_IDLE,True,no_production_needed,,936,2567,0
economy_debug_stage3_180,2,0,3307,165305,TEAM_IDLE,True,no_production_needed,,936,2567,0
economy_debug_stage3_180,2,0,3313,165605,TEAM_IDLE,True,no_production_needed,,936,2567,0
economy_debug_stage3_180,2,0,3319,165905,TEAM_IDLE,True,no_production_needed,,936,2567,0
economy_debug_stage3_180,2,0,3326,166257,TEAM_IDLE,True,no_production_needed,,936,2567,0
economy_debug_stage3_180,2,0,3332,166557,TEAM_IDLE,True,no_production_needed,,936,2567,0
economy_debug_stage3_180,2,0,3339,166905,TEAM_IDLE,True,no_production_needed,,936,2567,0
economy_debug_stage3_180,2,0,3345,167205,TEAM_IDLE,True,no_production_needed,,936,2567,0
economy_debug_stage3_180,2,0,3352,167553,TEAM_IDLE,True,no_production_needed,,936,2567,0
economy_debug_stage3_180,2,0,3358,167853,TEAM_IDLE,True,no_production_needed,,936,2567,0
economy_debug_stage3_180,2,0,3364,168157,TEAM_IDLE,True,no_production_needed,,936,2567,0
economy_debug_stage3_180,2,0,3371,168505,TEAM_IDLE,True,no_production_needed,,936,2567,0
economy_debug_stage3_180,2,0,3377,168805,TEAM_IDLE,True,no_production_needed,,936,2567,0
economy_debug_stage3_180,2,0,3384,169157,TEAM_IDLE,True,no_production_needed,,936,2567,0
economy_debug_stage3_180,2,0,3391,169505,TEAM_IDLE,True,no_production_needed,,936,2567,0
economy_debug_stage3_180,2,0,3397,169805,TEAM_IDLE,True,no_production_needed,,936,2567,0
economy_debug_stage3_180,2,0,3404,170157,TEAM_IDLE,True,no_production_needed,,936,2567,0
economy_debug_stage3_180,2,0,3410,170457,TEAM_IDLE,True,no_production_needed,,936,2567,0
economy_debug_stage3_180,2,0,3417,170805,TEAM_IDLE,True,no_production_needed,,936,2567,0
economy_debug_stage3_180,2,0,3423,171105,TEAM_IDLE,True,no_production_needed,,936,2567,0
economy_debug_stage3_180,2,0,3430,171457,TEAM_IDLE,True,no_production_needed,,936,2567,0
economy_debug_stage3_180,2,0,3437,171805,TEAM_IDLE,True,no_production_needed,,936,2567,0
economy_debug_stage3_180,2,0,3443,172105,TEAM_IDLE,True,no_production_needed,,936,2567,0
economy_debug_stage3_180,2,0,3450,172457,TEAM_IDLE,True,no_production_needed,,936,2567,0
economy_debug_stage3_180,2,0,3457,172805,TEAM_IDLE,True,no_production_needed,,936,2567,0
economy_debug_stage3_180,2,0,3464,173157,TEAM_IDLE,True,no_production_needed,,936,2567,0
economy_debug_stage3_180,2,0,3471,173505,TEAM_IDLE,True,no_production_needed,,936,2567,0
economy_debug_stage3_180,2,0,3477,173805,TEAM_IDLE,True,no_production_needed,,936,2567,0
economy_debug_stage3_180,2,0,3484,174157,TEAM_IDLE,True,no_production_needed,,936,2567,0
economy_debug_stage3_180,2,0,3491,174505,TEAM_IDLE,True,no_production_needed,,936,2567,0
economy_debug_stage3_180,2,0,3497,174805,TEAM_IDLE,True,no_production_needed,,936,2567,0
economy_debug_stage3_180,2,0,3504,175157,TEAM_IDLE,True,no_production_needed,,936,2567,0
economy_debug_stage3_180,2,0,3511,175505,TEAM_IDLE,True,no_production_needed,,936,2567,0
economy_debug_stage3_180,2,0,3518,175853,TEAM_IDLE,True,no_production_needed,,936,2567,0
economy_debug_stage3_180,2,0,3524,176157,TEAM_IDLE,True,no_production_needed,,936,2567,0
economy_debug_stage3_180,2,0,3531,176505,TEAM_IDLE,True,no_production_needed,,936,2567,0
economy_debug_stage3_180,2,0,3537,176805,TEAM_IDLE,True,no_production_needed,,936,2567,0
economy_debug_stage3_180,2,0,3543,177105,TEAM_IDLE,True,no_production_needed,,936,2567,0
economy_debug_stage3_180,2,0,3550,177457,TEAM_IDLE,True,no_production_needed,,936,2567,0
economy_debug_stage3_180,2,0,3556,177757,TEAM_IDLE,True,no_production_needed,,936,2567,0
economy_debug_stage3_180,2,0,3563,178105,TEAM_IDLE,True,no_production_needed,,936,2567,0
economy_debug_stage3_180,2,0,3569,178405,TEAM_IDLE,True,no_production_needed,,936,2567,0
economy_debug_stage3_180,2,0,3575,178705,TEAM_IDLE,True,no_production_needed,,936,2567,0
economy_debug_stage3_180,2,0,3581,179005,TEAM_IDLE,True,no_production_needed,,936,2567,0
economy_debug_stage3_180,2,0,3588,179357,TEAM_IDLE,True,no_production_needed,,936,2567,0
economy_debug_stage3_180,2,0,3594,179657,TEAM_IDLE,True,no_production_needed,,936,2567,0
economy_debug_stage3_180,2,0,-1,179905,TEAM_IDLE,True,no_production_needed,,936,2567,0
economy_debug_stage3_180,2,1,1,228,GO_RESOURCE,True,,MOVE_TO_RESOURCE,0,0,0
economy_debug_stage3_180,2,1,8,553,GO_RESOURCE,True,,MOVE_TO_RESOURCE,0,0,0
economy_debug_stage3_180,2,1,14,853,GO_RESOURCE,True,,MOVE_TO_RESOURCE,0,0,0
economy_debug_stage3_180,2,1,20,1157,GO_RESOURCE,True,,MOVE_TO_RESOURCE,0,0,0
economy_debug_stage3_180,2,1,27,1505,GO_RESOURCE,True,,MOVE_TO_RESOURCE,0,0,0
economy_debug_stage3_180,2,1,34,1853,GO_RESOURCE,True,,MOVE_TO_RESOURCE,0,0,0
economy_debug_stage3_180,2,1,40,2157,IDLE,True,no_target,ALIGN_RESOURCE,0,0,0
economy_debug_stage3_180,2,1,47,2505,HARVEST,True,ok,WAIT_HARVEST,0,0,0
economy_debug_stage3_180,2,1,54,2857,WAIT_BUSY,True,character_busy,WAIT_HARVEST,0,145,0
economy_debug_stage3_180,2,1,61,3205,WAIT_BUSY,True,character_busy,WAIT_HARVEST,0,320,0
economy_debug_stage3_180,2,1,67,3505,WAIT_BUSY,True,character_busy,WAIT_HARVEST,0,475,0
economy_debug_stage3_180,2,1,74,3857,GO_FACTORY,True,,RETURN_FACTORY,0,615,0
economy_debug_stage3_180,2,1,81,4205,GO_FACTORY,True,,RETURN_FACTORY,0,615,0
economy_debug_stage3_180,2,1,87,4505,GO_FACTORY,True,,RETURN_FACTORY,0,615,0
economy_debug_stage3_180,2,1,94,4853,GO_FACTORY,True,,RETURN_FACTORY,0,615,0
economy_debug_stage3_180,2,1,100,5157,GO_FACTORY,True,,RETURN_FACTORY,0,615,0
economy_debug_stage3_180,2,1,107,5505,GO_FACTORY,True,,RETURN_FACTORY,0,615,0
economy_debug_stage3_180,2,1,114,5853,GO_FACTORY,True,,RETURN_FACTORY,0,615,0
economy_debug_stage3_180,2,1,120,6157,IDLE,True,no_target,ALIGN_FACTORY,0,615,0
economy_debug_stage3_180,2,1,127,6505,IDLE,True,no_target,WAIT_PRODUCTION,0,615,0
economy_debug_stage3_180,2,1,134,6857,IDLE,True,no_target,WAIT_PRODUCTION,0,615,0
economy_debug_stage3_180,2,1,141,7205,IDLE,True,no_target,WAIT_PRODUCTION,0,615,0
economy_debug_stage3_180,2,1,147,7505,IDLE,True,no_target,WAIT_PRODUCTION,0,615,0
economy_debug_stage3_180,2,1,154,7857,LOAD_GOODS,True,ok,SELECT_MARKET,0,615,0
economy_debug_stage3_180,2,1,161,8205,GO_MARKET,True,,MOVE_TO_MARKET,0,615,1
economy_debug_stage3_180,2,1,168,8557,GO_MARKET,True,,MOVE_TO_MARKET,0,605,1
economy_debug_stage3_180,2,1,174,8857,GO_MARKET,True,,MOVE_TO_MARKET,0,605,1
economy_debug_stage3_180,2,1,181,9205,GO_MARKET,True,,MOVE_TO_MARKET,0,605,1
economy_debug_stage3_180,2,1,187,9505,GO_MARKET,True,,MOVE_TO_MARKET,0,605,1
economy_debug_stage3_180,2,1,193,9805,GO_MARKET,True,,MOVE_TO_MARKET,0,605,1
economy_debug_stage3_180,2,1,200,10153,GO_MARKET,True,,MOVE_TO_MARKET,0,605,1
economy_debug_stage3_180,2,1,206,10457,GO_MARKET,True,,MOVE_TO_MARKET,0,605,1
economy_debug_stage3_180,2,1,212,10757,GO_MARKET,True,,MOVE_TO_MARKET,0,605,1
economy_debug_stage3_180,2,1,219,11101,IDLE,True,no_target,ALIGN_MARKET,0,605,1
economy_debug_stage3_180,2,1,225,11405,SELL_GOODS,True,ok,SELECT_RESOURCE,0,605,1
economy_debug_stage3_180,2,1,231,11705,GO_RESOURCE,True,,MOVE_TO_RESOURCE,234,605,0
economy_debug_stage3_180,2,1,237,12005,GO_RESOURCE,True,,MOVE_TO_RESOURCE,234,605,0
economy_debug_stage3_180,2,1,243,12305,GO_RESOURCE,True,,MOVE_TO_RESOURCE,234,605,0
economy_debug_stage3_180,2,1,250,12653,GO_RESOURCE,True,,MOVE_TO_RESOURCE,234,605,0
economy_debug_stage3_180,2,1,256,12957,GO_RESOURCE,True,,MOVE_TO_RESOURCE,234,605,0
economy_debug_stage3_180,2,1,263,13305,GO_RESOURCE,True,,MOVE_TO_RESOURCE,234,605,0
economy_debug_stage3_180,2,1,269,13605,IDLE,True,no_target,ALIGN_RESOURCE,234,605,0
economy_debug_stage3_180,2,1,276,13957,HARVEST,True,ok,WAIT_HARVEST,234,595,0
economy_debug_stage3_180,2,1,283,14305,WAIT_BUSY,True,character_busy,WAIT_HARVEST,234,755,0
economy_debug_stage3_180,2,1,289,14605,WAIT_BUSY,True,character_busy,WAIT_HARVEST,234,910,0
economy_debug_stage3_180,2,1,295,14905,WAIT_BUSY,True,character_busy,WAIT_HARVEST,234,1060,0
economy_debug_stage3_180,2,1,302,15253,GO_FACTORY,True,,RETURN_FACTORY,234,1220,0
economy_debug_stage3_180,2,1,308,15557,GO_FACTORY,True,,RETURN_FACTORY,234,1220,0
economy_debug_stage3_180,2,1,314,15857,GO_FACTORY,True,,RETURN_FACTORY,234,1220,0
economy_debug_stage3_180,2,1,321,16201,GO_FACTORY,True,,RETURN_FACTORY,234,1220,0
economy_debug_stage3_180,2,1,327,16505,GO_FACTORY,True,,RETURN_FACTORY,234,1220,0
economy_debug_stage3_180,2,1,333,16805,GO_FACTORY,True,,RETURN_FACTORY,234,1220,0
economy_debug_stage3_180,2,1,339,17105,GO_FACTORY,True,,RETURN_FACTORY,234,1220,0
economy_debug_stage3_180,2,1,345,17405,GO_FACTORY,True,,RETURN_FACTORY,234,1220,0
economy_debug_stage3_180,2,1,351,17705,GO_FACTORY,True,,RETURN_FACTORY,234,1220,0
economy_debug_stage3_180,2,1,358,18053,GO_FACTORY,True,,RETURN_FACTORY,234,1220,0
economy_debug_stage3_180,2,1,364,18357,GO_FACTORY,True,,RETURN_FACTORY,234,1220,0
economy_debug_stage3_180,2,1,370,18657,GO_FACTORY,True,,RETURN_FACTORY,234,1220,0
economy_debug_stage3_180,2,1,377,19001,GO_FACTORY,True,,RETURN_FACTORY,234,1219,0
economy_debug_stage3_180,2,1,383,19302,GO_FACTORY,True,,RETURN_FACTORY,234,1219,0
economy_debug_stage3_180,2,1,390,19654,GO_FACTORY,True,,RETURN_FACTORY,234,1219,0
economy_debug_stage3_180,2,1,396,19958,IDLE,True,no_target,ALIGN_FACTORY,234,1219,0
economy_debug_stage3_180,2,1,403,20306,LOAD_GOODS,True,ok,SELECT_MARKET,234,1219,0
economy_debug_stage3_180,2,1,409,20602,GO_MARKET,True,,MOVE_TO_MARKET,234,1219,1
economy_debug_stage3_180,2,1,416,20954,GO_MARKET,True,,MOVE_TO_MARKET,234,1219,1
economy_debug_stage3_180,2,1,423,21302,GO_MARKET,True,,MOVE_TO_MARKET,234,1218,1
economy_debug_stage3_180,2,1,429,21606,GO_MARKET,True,,MOVE_TO_MARKET,234,1218,1
economy_debug_stage3_180,2,1,436,21954,GO_MARKET,True,,MOVE_TO_MARKET,234,1218,1
economy_debug_stage3_180,2,1,442,22258,GO_MARKET,True,,MOVE_TO_MARKET,234,1218,1
economy_debug_stage3_180,2,1,449,22606,GO_MARKET,True,,MOVE_TO_MARKET,234,1218,1
economy_debug_stage3_180,2,1,456,22954,GO_MARKET,True,,MOVE_TO_MARKET,234,1218,1
economy_debug_stage3_180,2,1,463,23306,IDLE,True,no_target,ALIGN_MARKET,234,1218,1
economy_debug_stage3_180,2,1,470,23654,SELL_GOODS,True,ok,SELECT_RESOURCE,234,1217,1
economy_debug_stage3_180,2,1,477,24002,GO_RESOURCE,True,,MOVE_TO_RESOURCE,468,1217,0
economy_debug_stage3_180,2,1,483,24306,GO_RESOURCE,True,,MOVE_TO_RESOURCE,468,1217,0
economy_debug_stage3_180,2,1,490,24654,GO_RESOURCE,True,,MOVE_TO_RESOURCE,468,1217,0
economy_debug_stage3_180,2,1,497,25006,GO_RESOURCE,True,,MOVE_TO_RESOURCE,468,1217,0
economy_debug_stage3_180,2,1,504,25354,GO_RESOURCE,True,,MOVE_TO_RESOURCE,468,1217,0
economy_debug_stage3_180,2,1,511,25702,GO_RESOURCE,True,,MOVE_TO_RESOURCE,468,1212,0
economy_debug_stage3_180,2,1,517,26006,GO_RESOURCE,True,,MOVE_TO_RESOURCE,468,1212,0
economy_debug_stage3_180,2,1,524,26354,GO_RESOURCE,True,,MOVE_TO_RESOURCE,468,1212,0
economy_debug_stage3_180,2,1,531,26706,GO_RESOURCE,True,,MOVE_TO_RESOURCE,468,1212,0
economy_debug_stage3_180,2,1,538,27058,GO_RESOURCE,True,,MOVE_TO_RESOURCE,468,1212,0
economy_debug_stage3_180,2,1,545,27402,GO_RESOURCE,True,,MOVE_TO_RESOURCE,468,1212,0
economy_debug_stage3_180,2,1,551,27706,GO_RESOURCE,True,,MOVE_TO_RESOURCE,468,1212,0
economy_debug_stage3_180,2,1,558,28054,GO_RESOURCE,True,,MOVE_TO_RESOURCE,468,1212,0
economy_debug_stage3_180,2,1,565,28402,GO_RESOURCE,True,,MOVE_TO_RESOURCE,468,1212,0
economy_debug_stage3_180,2,1,571,28706,GO_RESOURCE,True,,MOVE_TO_RESOURCE,468,1212,0
economy_debug_stage3_180,2,1,578,29054,GO_RESOURCE,True,,MOVE_TO_RESOURCE,468,1212,0
economy_debug_stage3_180,2,1,585,29406,IDLE,True,no_target,ALIGN_RESOURCE,468,1212,0
economy_debug_stage3_180,2,1,592,29758,HARVEST,True,ok,WAIT_HARVEST,468,1212,0
economy_debug_stage3_180,2,1,599,30102,WAIT_BUSY,True,character_busy,WAIT_HARVEST,468,1372,0
economy_debug_stage3_180,2,1,605,30406,WAIT_BUSY,True,character_busy,WAIT_HARVEST,468,1527,0
economy_debug_stage3_180,2,1,612,30754,WAIT_BUSY,True,character_busy,WAIT_HARVEST,468,1697,0
economy_debug_stage3_180,2,1,619,31102,GO_FACTORY,True,,RETURN_FACTORY,468,1837,0
economy_debug_stage3_180,2,1,625,31406,GO_FACTORY,True,,RETURN_FACTORY,468,1837,0
economy_debug_stage3_180,2,1,632,31754,GO_FACTORY,True,,RETURN_FACTORY,468,1837,0
economy_debug_stage3_180,2,1,639,32106,GO_FACTORY,True,,RETURN_FACTORY,468,1837,0
economy_debug_stage3_180,2,1,645,32406,GO_FACTORY,True,,RETURN_FACTORY,468,1837,0
economy_debug_stage3_180,2,1,652,32754,GO_FACTORY,True,,RETURN_FACTORY,468,1837,0
economy_debug_stage3_180,2,1,659,33102,GO_FACTORY,True,,RETURN_FACTORY,468,1837,0
economy_debug_stage3_180,2,1,665,33406,GO_FACTORY,True,,RETURN_FACTORY,468,1837,0
economy_debug_stage3_180,2,1,672,33754,GO_FACTORY,True,,RETURN_FACTORY,468,1837,0
economy_debug_stage3_180,2,1,679,34106,GO_FACTORY,True,,RETURN_FACTORY,468,1837,0
economy_debug_stage3_180,2,1,686,34454,GO_FACTORY,True,,RETURN_FACTORY,468,1837,0
economy_debug_stage3_180,2,1,692,34754,GO_FACTORY,True,,RETURN_FACTORY,468,1837,0
economy_debug_stage3_180,2,1,699,35102,GO_FACTORY,True,,RETURN_FACTORY,468,1837,0
economy_debug_stage3_180,2,1,705,35406,GO_FACTORY,True,,RETURN_FACTORY,468,1837,0
economy_debug_stage3_180,2,1,712,35754,GO_FACTORY,True,,RETURN_FACTORY,468,1837,0
economy_debug_stage3_180,2,1,718,36054,GO_FACTORY,True,,RETURN_FACTORY,468,1837,0
economy_debug_stage3_180,2,1,725,36402,GO_FACTORY,True,,RETURN_FACTORY,468,1837,0
economy_debug_stage3_180,2,1,731,36706,GO_FACTORY,True,,RETURN_FACTORY,468,1837,0
economy_debug_stage3_180,2,1,737,37006,GO_FACTORY,True,,RETURN_FACTORY,468,1837,0
economy_debug_stage3_180,2,1,744,37354,GO_FACTORY,True,,RETURN_FACTORY,468,1837,0
economy_debug_stage3_180,2,1,751,37710,GO_FACTORY,True,,RETURN_FACTORY,468,1837,0
economy_debug_stage3_180,2,1,758,38055,GO_FACTORY,True,,RETURN_FACTORY,468,1837,0
economy_debug_stage3_180,2,1,765,38407,GO_FACTORY,True,,RETURN_FACTORY,468,1837,0
economy_debug_stage3_180,2,1,771,38707,GO_FACTORY,True,,RETURN_FACTORY,468,1837,0
economy_debug_stage3_180,2,1,778,39051,GO_FACTORY,True,,RETURN_FACTORY,468,1837,0
economy_debug_stage3_180,2,1,784,39355,IDLE,True,no_target,ALIGN_FACTORY,468,1837,0
economy_debug_stage3_180,2,1,790,39655,LOAD_GOODS,True,ok,SELECT_MARKET,468,1837,0
economy_debug_stage3_180,2,1,796,39955,GO_MARKET,True,,MOVE_TO_MARKET,468,1837,1
economy_debug_stage3_180,2,1,802,40255,GO_MARKET,True,,MOVE_TO_MARKET,468,1827,1
economy_debug_stage3_180,2,1,809,40607,GO_MARKET,True,,MOVE_TO_MARKET,468,1827,1
economy_debug_stage3_180,2,1,815,40907,GO_MARKET,True,,MOVE_TO_MARKET,468,1827,1
economy_debug_stage3_180,2,1,822,41255,GO_MARKET,True,,MOVE_TO_MARKET,468,1827,1
economy_debug_stage3_180,2,1,828,41555,GO_MARKET,True,,MOVE_TO_MARKET,468,1827,1
economy_debug_stage3_180,2,1,834,41855,GO_MARKET,True,,MOVE_TO_MARKET,468,1827,1
economy_debug_stage3_180,2,1,840,42155,GO_MARKET,True,,MOVE_TO_MARKET,468,1827,1
economy_debug_stage3_180,2,1,846,42455,GO_MARKET,True,,MOVE_TO_MARKET,468,1827,1
economy_debug_stage3_180,2,1,853,42807,IDLE,True,no_target,ALIGN_MARKET,468,1827,1
economy_debug_stage3_180,2,1,859,43107,SELL_GOODS,True,ok,SELECT_RESOURCE,468,1827,1
economy_debug_stage3_180,2,1,866,43455,GO_RESOURCE,True,,MOVE_TO_RESOURCE,702,1827,0
economy_debug_stage3_180,2,1,872,43755,GO_RESOURCE,True,,MOVE_TO_RESOURCE,702,1827,0
economy_debug_stage3_180,2,1,878,44055,GO_RESOURCE,True,,MOVE_TO_RESOURCE,702,1827,0
economy_debug_stage3_180,2,1,885,44407,GO_RESOURCE,True,,MOVE_TO_RESOURCE,702,1827,0
economy_debug_stage3_180,2,1,892,44755,GO_RESOURCE,True,,MOVE_TO_RESOURCE,702,1827,0
economy_debug_stage3_180,2,1,898,45055,GO_RESOURCE,True,,MOVE_TO_RESOURCE,702,1827,0
economy_debug_stage3_180,2,1,904,45355,GO_RESOURCE,True,,MOVE_TO_RESOURCE,702,1827,0
economy_debug_stage3_180,2,1,911,45707,GO_RESOURCE,True,,MOVE_TO_RESOURCE,702,1827,0
economy_debug_stage3_180,2,1,918,46055,GO_RESOURCE,True,,MOVE_TO_RESOURCE,702,1827,0
economy_debug_stage3_180,2,1,925,46407,GO_RESOURCE,True,,MOVE_TO_RESOURCE,702,1827,0
economy_debug_stage3_180,2,1,932,46755,GO_RESOURCE,True,,MOVE_TO_RESOURCE,702,1827,0
economy_debug_stage3_180,2,1,938,47055,GO_RESOURCE,True,,MOVE_TO_RESOURCE,702,1827,0
economy_debug_stage3_180,2,1,944,47355,GO_RESOURCE,True,,MOVE_TO_RESOURCE,702,1827,0
economy_debug_stage3_180,2,1,950,47655,GO_RESOURCE,True,,MOVE_TO_RESOURCE,702,1827,0
economy_debug_stage3_180,2,1,957,48007,GO_RESOURCE,True,,MOVE_TO_RESOURCE,702,1827,0
economy_debug_stage3_180,2,1,963,48307,GO_RESOURCE,True,,MOVE_TO_RESOURCE,702,1827,0
economy_debug_stage3_180,2,1,969,48607,GO_RESOURCE,True,,MOVE_TO_RESOURCE,702,1827,0
economy_debug_stage3_180,2,1,976,48951,IDLE,True,no_target,ALIGN_RESOURCE,702,1827,0
economy_debug_stage3_180,2,1,982,49255,HARVEST,True,ok,WAIT_HARVEST,702,1827,0
economy_debug_stage3_180,2,1,988,49555,WAIT_BUSY,True,character_busy,WAIT_HARVEST,702,1995,0
economy_debug_stage3_180,2,1,994,49855,WAIT_BUSY,True,character_busy,WAIT_HARVEST,702,2175,0
economy_debug_stage3_180,2,1,1001,50203,WAIT_BUSY,True,character_busy,WAIT_HARVEST,702,2385,0
economy_debug_stage3_180,2,1,1007,50507,WAIT_BUSY,True,character_busy,WAIT_HARVEST,702,2565,0
economy_debug_stage3_180,2,1,1014,50855,GO_FACTORY,True,,RETURN_FACTORY,702,2577,0
economy_debug_stage3_180,2,1,1020,51155,GO_FACTORY,True,,RETURN_FACTORY,702,2577,0
economy_debug_stage3_180,2,1,1027,51503,GO_FACTORY,True,,RETURN_FACTORY,702,2577,0
economy_debug_stage3_180,2,1,1033,51807,GO_FACTORY,True,,RETURN_FACTORY,702,2577,0
economy_debug_stage3_180,2,1,1040,52155,GO_FACTORY,True,,RETURN_FACTORY,702,2577,0
economy_debug_stage3_180,2,1,1046,52455,GO_FACTORY,True,,RETURN_FACTORY,702,2577,0
economy_debug_stage3_180,2,1,1052,52755,GO_FACTORY,True,,RETURN_FACTORY,702,2577,0
economy_debug_stage3_180,2,1,1059,53107,GO_FACTORY,True,,RETURN_FACTORY,702,2577,0
economy_debug_stage3_180,2,1,1066,53455,GO_FACTORY,True,,RETURN_FACTORY,702,2577,0
economy_debug_stage3_180,2,1,1073,53803,GO_FACTORY,True,,RETURN_FACTORY,702,2577,0
economy_debug_stage3_180,2,1,1080,54151,GO_FACTORY,True,,RETURN_FACTORY,702,2577,0
economy_debug_stage3_180,2,1,1086,54455,GO_FACTORY,True,,RETURN_FACTORY,702,2577,0
economy_debug_stage3_180,2,1,1093,54807,GO_FACTORY,True,,RETURN_FACTORY,702,2577,0
economy_debug_stage3_180,2,1,1100,55155,GO_FACTORY,True,,RETURN_FACTORY,702,2577,0
economy_debug_stage3_180,2,1,1106,55455,GO_FACTORY,True,,RETURN_FACTORY,702,2577,0
economy_debug_stage3_180,2,1,1113,55807,GO_FACTORY,True,,RETURN_FACTORY,702,2577,0
economy_debug_stage3_180,2,1,1120,56155,GO_FACTORY,True,,RETURN_FACTORY,702,2577,0
economy_debug_stage3_180,2,1,1126,56455,GO_FACTORY,True,,RETURN_FACTORY,702,2577,0
economy_debug_stage3_180,2,1,1133,56807,GO_FACTORY,True,,RETURN_FACTORY,702,2577,0
economy_debug_stage3_180,2,1,1140,57155,GO_FACTORY,True,,RETURN_FACTORY,702,2577,0
economy_debug_stage3_180,2,1,1146,57456,GO_FACTORY,True,,RETURN_FACTORY,702,2577,0
economy_debug_stage3_180,2,1,1152,57756,GO_FACTORY,True,,RETURN_FACTORY,702,2577,0
economy_debug_stage3_180,2,1,1159,58104,GO_FACTORY,True,,RETURN_FACTORY,702,2577,0
economy_debug_stage3_180,2,1,1165,58404,GO_FACTORY,True,,RETURN_FACTORY,702,2577,0
economy_debug_stage3_180,2,1,1171,58704,GO_FACTORY,True,,RETURN_FACTORY,702,2577,0
economy_debug_stage3_180,2,1,1178,59052,GO_FACTORY,True,,RETURN_FACTORY,702,2577,0
economy_debug_stage3_180,2,1,1185,59404,IDLE,True,no_target,ALIGN_FACTORY,702,2577,0
economy_debug_stage3_180,2,1,1191,59704,LOAD_GOODS,True,ok,SELECT_MARKET,702,2577,0
economy_debug_stage3_180,2,1,1198,60056,GO_MARKET,True,,MOVE_TO_MARKET,702,2567,1
economy_debug_stage3_180,2,1,1204,60356,GO_MARKET,True,,MOVE_TO_MARKET,702,2567,1
economy_debug_stage3_180,2,1,1211,60704,GO_MARKET,True,,MOVE_TO_MARKET,702,2567,1
economy_debug_stage3_180,2,1,1217,61004,GO_MARKET,True,,MOVE_TO_MARKET,702,2567,1
economy_debug_stage3_180,2,1,1223,61308,GO_MARKET,True,,MOVE_TO_MARKET,702,2567,1
economy_debug_stage3_180,2,1,1230,61656,GO_MARKET,True,,MOVE_TO_MARKET,702,2567,1
economy_debug_stage3_180,2,1,1237,62004,GO_MARKET,True,,MOVE_TO_MARKET,702,2567,1
economy_debug_stage3_180,2,1,1243,62308,GO_MARKET,True,,MOVE_TO_MARKET,702,2567,1
economy_debug_stage3_180,2,1,1250,62656,GO_MARKET,True,,MOVE_TO_MARKET,702,2567,1
economy_debug_stage3_180,2,1,1256,62956,IDLE,True,no_target,ALIGN_MARKET,702,2567,1
economy_debug_stage3_180,2,1,1262,63256,SELL_GOODS,True,ok,SELECT_RESOURCE,702,2567,1
economy_debug_stage3_180,2,1,1268,63556,GO_RESOURCE,True,,MOVE_TO_RESOURCE,936,2567,0
economy_debug_stage3_180,2,1,1275,63904,GO_RESOURCE,True,,MOVE_TO_RESOURCE,936,2567,0
economy_debug_stage3_180,2,1,1282,64252,GO_RESOURCE,True,,MOVE_TO_RESOURCE,936,2567,0
economy_debug_stage3_180,2,1,1288,64556,GO_RESOURCE,True,,MOVE_TO_RESOURCE,936,2567,0
economy_debug_stage3_180,2,1,1295,64904,GO_RESOURCE,True,,MOVE_TO_RESOURCE,936,2567,0
economy_debug_stage3_180,2,1,1301,65204,GO_RESOURCE,True,,MOVE_TO_RESOURCE,936,2567,0
economy_debug_stage3_180,2,1,1307,65504,GO_RESOURCE,True,,MOVE_TO_RESOURCE,936,2567,0
economy_debug_stage3_180,2,1,1313,65808,GO_RESOURCE,True,,MOVE_TO_RESOURCE,936,2567,0
economy_debug_stage3_180,2,1,1319,66108,GO_RESOURCE,True,,MOVE_TO_RESOURCE,936,2567,0
economy_debug_stage3_180,2,1,1325,66404,GO_RESOURCE,True,,MOVE_TO_RESOURCE,936,2567,0
economy_debug_stage3_180,2,1,1332,66756,GO_RESOURCE,True,,MOVE_TO_RESOURCE,936,2567,0
economy_debug_stage3_180,2,1,1339,67108,GO_RESOURCE,True,,MOVE_TO_RESOURCE,936,2567,0
economy_debug_stage3_180,2,1,1346,67456,GO_RESOURCE,True,,MOVE_TO_RESOURCE,936,2567,0
economy_debug_stage3_180,2,1,1353,67808,GO_RESOURCE,True,,MOVE_TO_RESOURCE,936,2567,0
economy_debug_stage3_180,2,1,1359,68108,GO_RESOURCE,True,,MOVE_TO_RESOURCE,936,2567,0
economy_debug_stage3_180,2,1,1365,68408,GO_RESOURCE,True,,MOVE_TO_RESOURCE,936,2567,0
economy_debug_stage3_180,2,1,1372,68752,GO_RESOURCE,True,,MOVE_TO_RESOURCE,936,2567,0
economy_debug_stage3_180,2,1,1378,69056,GO_RESOURCE,True,,MOVE_TO_RESOURCE,936,2567,0
economy_debug_stage3_180,2,1,1384,69356,GO_RESOURCE,True,,MOVE_TO_RESOURCE,936,2567,0
economy_debug_stage3_180,2,1,1390,69656,GO_RESOURCE,True,,MOVE_TO_RESOURCE,936,2567,0
economy_debug_stage3_180,2,1,1397,70004,GO_RESOURCE,True,,MOVE_TO_RESOURCE,936,2567,0
economy_debug_stage3_180,2,1,1404,70356,GO_RESOURCE,True,,MOVE_TO_RESOURCE,936,2567,0
economy_debug_stage3_180,2,1,1410,70656,GO_RESOURCE,True,,MOVE_TO_RESOURCE,936,2567,0
economy_debug_stage3_180,2,1,1417,71008,GO_RESOURCE,True,,MOVE_TO_RESOURCE,936,2567,0
economy_debug_stage3_180,2,1,1423,71308,GO_RESOURCE,True,,MOVE_TO_RESOURCE,936,2567,0
economy_debug_stage3_180,2,1,1430,71652,GO_RESOURCE,True,,MOVE_TO_RESOURCE,936,2567,0
economy_debug_stage3_180,2,1,1437,72004,GO_RESOURCE,True,,RECOVER_FROM_FAILURE,936,2567,0
economy_debug_stage3_180,2,1,1443,72304,IDLE,True,no_target,SELECT_RESOURCE,936,2567,0
economy_debug_stage3_180,2,1,1449,72604,GO_RESOURCE,True,,MOVE_TO_RESOURCE,936,2567,0
economy_debug_stage3_180,2,1,1456,72956,GO_RESOURCE,True,,MOVE_TO_RESOURCE,936,2567,0
economy_debug_stage3_180,2,1,1462,73256,GO_RESOURCE,True,,MOVE_TO_RESOURCE,936,2567,0
economy_debug_stage3_180,2,1,1469,73608,GO_RESOURCE,True,,MOVE_TO_RESOURCE,936,2567,0
economy_debug_stage3_180,2,1,1476,73956,GO_RESOURCE,True,,MOVE_TO_RESOURCE,936,2567,0
economy_debug_stage3_180,2,1,1482,74252,GO_RESOURCE,True,,MOVE_TO_RESOURCE,936,2567,0
economy_debug_stage3_180,2,1,1488,74552,GO_RESOURCE,True,,MOVE_TO_RESOURCE,936,2567,0
economy_debug_stage3_180,2,1,1494,74856,GO_RESOURCE,True,,MOVE_TO_RESOURCE,936,2567,0
economy_debug_stage3_180,2,1,1500,75156,GO_RESOURCE,True,,MOVE_TO_RESOURCE,936,2567,0
economy_debug_stage3_180,2,1,1506,75452,GO_RESOURCE,True,,RECOVER_FROM_FAILURE,936,2567,0
economy_debug_stage3_180,2,1,1512,75756,IDLE,True,no_target,SELECT_RESOURCE,936,2567,0
economy_debug_stage3_180,2,1,1519,76104,GO_RESOURCE,True,,MOVE_TO_RESOURCE,936,2567,0
economy_debug_stage3_180,2,1,1526,76456,GO_RESOURCE,True,,MOVE_TO_RESOURCE,936,2567,0
economy_debug_stage3_180,2,1,1532,76756,GO_RESOURCE,True,,MOVE_TO_RESOURCE,936,2567,0
economy_debug_stage3_180,2,1,1539,77104,GO_RESOURCE,True,,MOVE_TO_RESOURCE,936,2567,0
economy_debug_stage3_180,2,1,1546,77457,GO_RESOURCE,True,,MOVE_TO_RESOURCE,936,2567,0
economy_debug_stage3_180,2,1,1553,77805,GO_RESOURCE,True,,MOVE_TO_RESOURCE,936,2567,0
economy_debug_stage3_180,2,1,1560,78157,GO_RESOURCE,True,,MOVE_TO_RESOURCE,936,2567,0
economy_debug_stage3_180,2,1,1567,78501,GO_RESOURCE,True,,MOVE_TO_RESOURCE,936,2567,0
economy_debug_stage3_180,2,1,1573,78805,GO_RESOURCE,True,,MOVE_TO_RESOURCE,936,2567,0
economy_debug_stage3_180,2,1,1579,79105,GO_RESOURCE,True,,RECOVER_FROM_FAILURE,936,2567,0
economy_debug_stage3_180,2,1,1585,79405,IDLE,True,no_target,SELECT_RESOURCE,936,2567,0
economy_debug_stage3_180,2,1,1591,79705,GO_RESOURCE,True,,MOVE_TO_RESOURCE,936,2567,0
economy_debug_stage3_180,2,1,1597,80005,GO_RESOURCE,True,,MOVE_TO_RESOURCE,936,2567,0
economy_debug_stage3_180,2,1,1604,80353,GO_RESOURCE,True,,MOVE_TO_RESOURCE,936,2567,0
economy_debug_stage3_180,2,1,1610,80657,GO_RESOURCE,True,,MOVE_TO_RESOURCE,936,2567,0
economy_debug_stage3_180,2,1,1616,80957,GO_RESOURCE,True,,MOVE_TO_RESOURCE,936,2567,0
economy_debug_stage3_180,2,1,1623,81305,GO_RESOURCE,True,,MOVE_TO_RESOURCE,936,2567,0
economy_debug_stage3_180,2,1,1630,81657,GO_RESOURCE,True,,MOVE_TO_RESOURCE,936,2567,0
economy_debug_stage3_180,2,1,1636,81957,GO_RESOURCE,True,,MOVE_TO_RESOURCE,936,2567,0
economy_debug_stage3_180,2,1,1642,82257,GO_RESOURCE,True,,MOVE_TO_RESOURCE,936,2567,0
economy_debug_stage3_180,2,1,1649,82605,GO_RESOURCE,True,,RECOVER_FROM_FAILURE,936,2567,0
economy_debug_stage3_180,2,1,1655,82905,IDLE,True,no_target,SELECT_RESOURCE,936,2567,0
economy_debug_stage3_180,2,1,1661,83205,GO_RESOURCE,True,,MOVE_TO_RESOURCE,936,2567,0
economy_debug_stage3_180,2,1,1667,83505,GO_RESOURCE,True,,MOVE_TO_RESOURCE,936,2567,0
economy_debug_stage3_180,2,1,1673,83805,GO_RESOURCE,True,,MOVE_TO_RESOURCE,936,2567,0
economy_debug_stage3_180,2,1,1680,84157,GO_RESOURCE,True,,MOVE_TO_RESOURCE,936,2567,0
economy_debug_stage3_180,2,1,1686,84457,GO_RESOURCE,True,,MOVE_TO_RESOURCE,936,2567,0
economy_debug_stage3_180,2,1,1692,84757,GO_RESOURCE,True,,MOVE_TO_RESOURCE,936,2567,0
economy_debug_stage3_180,2,1,1699,85101,GO_RESOURCE,True,,MOVE_TO_RESOURCE,936,2567,0
economy_debug_stage3_180,2,1,1705,85405,GO_RESOURCE,True,,MOVE_TO_RESOURCE,936,2567,0
economy_debug_stage3_180,2,1,1711,85705,GO_RESOURCE,True,,MOVE_TO_RESOURCE,936,2567,0
economy_debug_stage3_180,2,1,1717,86005,GO_RESOURCE,True,,RECOVER_FROM_FAILURE,936,2567,0
economy_debug_stage3_180,2,1,1723,86305,IDLE,True,no_target,SELECT_RESOURCE,936,2567,0
economy_debug_stage3_180,2,1,1729,86605,GO_RESOURCE,True,,MOVE_TO_RESOURCE,936,2567,0
economy_debug_stage3_180,2,1,1735,86905,GO_RESOURCE,True,,MOVE_TO_RESOURCE,936,2567,0
economy_debug_stage3_180,2,1,1742,87253,GO_RESOURCE,True,,MOVE_TO_RESOURCE,936,2567,0
economy_debug_stage3_180,2,1,1748,87557,GO_RESOURCE,True,,MOVE_TO_RESOURCE,936,2567,0
economy_debug_stage3_180,2,1,1754,87857,GO_RESOURCE,True,,MOVE_TO_RESOURCE,936,2567,0
economy_debug_stage3_180,2,1,1761,88205,GO_RESOURCE,True,,MOVE_TO_RESOURCE,936,2567,0
economy_debug_stage3_180,2,1,1768,88557,GO_RESOURCE,True,,MOVE_TO_RESOURCE,936,2567,0
economy_debug_stage3_180,2,1,1774,88857,GO_RESOURCE,True,,MOVE_TO_RESOURCE,936,2567,0
economy_debug_stage3_180,2,1,1780,89157,GO_RESOURCE,True,,MOVE_TO_RESOURCE,936,2567,0
economy_debug_stage3_180,2,1,1787,89501,GO_RESOURCE,True,,RECOVER_FROM_FAILURE,936,2567,0
economy_debug_stage3_180,2,1,1793,89805,IDLE,True,no_target,SELECT_RESOURCE,936,2567,0
economy_debug_stage3_180,2,1,1799,90105,GO_RESOURCE,True,,MOVE_TO_RESOURCE,936,2567,0
economy_debug_stage3_180,2,1,1805,90405,GO_RESOURCE,True,,MOVE_TO_RESOURCE,936,2567,0
economy_debug_stage3_180,2,1,1812,90753,GO_RESOURCE,True,,MOVE_TO_RESOURCE,936,2567,0
economy_debug_stage3_180,2,1,1818,91057,GO_RESOURCE,True,,MOVE_TO_RESOURCE,936,2567,0
economy_debug_stage3_180,2,1,1824,91357,GO_RESOURCE,True,,MOVE_TO_RESOURCE,936,2567,0
economy_debug_stage3_180,2,1,1831,91705,GO_RESOURCE,True,,MOVE_TO_RESOURCE,936,2567,0
economy_debug_stage3_180,2,1,1838,92057,GO_RESOURCE,True,,MOVE_TO_RESOURCE,936,2567,0
economy_debug_stage3_180,2,1,1844,92357,GO_RESOURCE,True,,MOVE_TO_RESOURCE,936,2567,0
economy_debug_stage3_180,2,1,1851,92701,GO_RESOURCE,True,,MOVE_TO_RESOURCE,936,2567,0
economy_debug_stage3_180,2,1,1857,93005,GO_RESOURCE,True,,RECOVER_FROM_FAILURE,936,2567,0
economy_debug_stage3_180,2,1,1863,93305,IDLE,True,no_target,SELECT_RESOURCE,936,2567,0
economy_debug_stage3_180,2,1,1869,93605,GO_RESOURCE,True,,MOVE_TO_RESOURCE,936,2567,0
economy_debug_stage3_180,2,1,1875,93905,GO_RESOURCE,True,,MOVE_TO_RESOURCE,936,2567,0
economy_debug_stage3_180,2,1,1882,94253,GO_RESOURCE,True,,MOVE_TO_RESOURCE,936,2567,0
economy_debug_stage3_180,2,1,1888,94557,GO_RESOURCE,True,,MOVE_TO_RESOURCE,936,2567,0
economy_debug_stage3_180,2,1,1894,94857,GO_RESOURCE,True,,MOVE_TO_RESOURCE,936,2567,0
economy_debug_stage3_180,2,1,1901,95201,GO_RESOURCE,True,,MOVE_TO_RESOURCE,936,2567,0
economy_debug_stage3_180,2,1,1907,95505,GO_RESOURCE,True,,MOVE_TO_RESOURCE,936,2567,0
economy_debug_stage3_180,2,1,1913,95805,GO_RESOURCE,True,,MOVE_TO_RESOURCE,936,2567,0
economy_debug_stage3_180,2,1,1919,96105,GO_RESOURCE,True,,MOVE_TO_RESOURCE,936,2567,0
economy_debug_stage3_180,2,1,1925,96405,GO_RESOURCE,True,,RECOVER_FROM_FAILURE,936,2567,0
economy_debug_stage3_180,2,1,1931,96705,IDLE,True,no_target,SELECT_RESOURCE,936,2567,0
economy_debug_stage3_180,2,1,1937,97005,GO_RESOURCE,True,,MOVE_TO_RESOURCE,936,2567,0
economy_debug_stage3_180,2,1,1944,97357,GO_RESOURCE,True,,MOVE_TO_RESOURCE,936,2567,0
economy_debug_stage3_180,2,1,1950,97657,GO_RESOURCE,True,,MOVE_TO_RESOURCE,936,2567,0
economy_debug_stage3_180,2,1,1957,98002,GO_RESOURCE,True,,MOVE_TO_RESOURCE,936,2567,0
economy_debug_stage3_180,2,1,1963,98306,GO_RESOURCE,True,,MOVE_TO_RESOURCE,936,2567,0
economy_debug_stage3_180,2,1,1970,98654,GO_RESOURCE,True,,MOVE_TO_RESOURCE,936,2567,0
economy_debug_stage3_180,2,1,1977,99002,GO_RESOURCE,True,,MOVE_TO_RESOURCE,936,2567,0
economy_debug_stage3_180,2,1,1983,99310,GO_RESOURCE,True,,MOVE_TO_RESOURCE,936,2567,0
economy_debug_stage3_180,2,1,1990,99658,GO_RESOURCE,True,,MOVE_TO_RESOURCE,936,2567,0
economy_debug_stage3_180,2,1,1997,100006,GO_RESOURCE,True,,RECOVER_FROM_FAILURE,936,2567,0
economy_debug_stage3_180,2,1,2004,100354,IDLE,True,no_target,SELECT_RESOURCE,936,2567,0
economy_debug_stage3_180,2,1,2010,100658,GO_RESOURCE,True,,MOVE_TO_RESOURCE,936,2567,0
economy_debug_stage3_180,2,1,2017,101006,GO_RESOURCE,True,,MOVE_TO_RESOURCE,936,2567,0
economy_debug_stage3_180,2,1,2024,101354,GO_RESOURCE,True,,MOVE_TO_RESOURCE,936,2567,0
economy_debug_stage3_180,2,1,2030,101658,GO_RESOURCE,True,,MOVE_TO_RESOURCE,936,2567,0
economy_debug_stage3_180,2,1,2037,102002,GO_RESOURCE,True,,MOVE_TO_RESOURCE,936,2567,0
economy_debug_stage3_180,2,1,2043,102306,GO_RESOURCE,True,,MOVE_TO_RESOURCE,936,2567,0
economy_debug_stage3_180,2,1,2050,102654,GO_RESOURCE,True,,MOVE_TO_RESOURCE,936,2567,0
economy_debug_stage3_180,2,1,2056,102958,GO_RESOURCE,True,,MOVE_TO_RESOURCE,936,2567,0
economy_debug_stage3_180,2,1,2063,103302,GO_RESOURCE,True,,MOVE_TO_RESOURCE,936,2567,0
economy_debug_stage3_180,2,1,2069,103606,GO_RESOURCE,True,,RECOVER_FROM_FAILURE,936,2567,0
economy_debug_stage3_180,2,1,2075,103906,IDLE,True,no_target,SELECT_RESOURCE,936,2567,0
economy_debug_stage3_180,2,1,2082,104254,GO_RESOURCE,True,,MOVE_TO_RESOURCE,936,2567,0
economy_debug_stage3_180,2,1,2089,104602,GO_RESOURCE,True,,MOVE_TO_RESOURCE,936,2567,0
economy_debug_stage3_180,2,1,2095,104906,GO_RESOURCE,True,,MOVE_TO_RESOURCE,936,2567,0
economy_debug_stage3_180,2,1,2101,105206,GO_RESOURCE,True,,MOVE_TO_RESOURCE,936,2567,0
economy_debug_stage3_180,2,1,2107,105506,GO_RESOURCE,True,,MOVE_TO_RESOURCE,936,2567,0
economy_debug_stage3_180,2,1,2114,105854,GO_RESOURCE,True,,MOVE_TO_RESOURCE,936,2567,0
economy_debug_stage3_180,2,1,2120,106154,GO_RESOURCE,True,,MOVE_TO_RESOURCE,936,2567,0
economy_debug_stage3_180,2,1,2127,106502,GO_RESOURCE,True,,MOVE_TO_RESOURCE,936,2567,0
economy_debug_stage3_180,2,1,2133,106802,GO_RESOURCE,True,,MOVE_TO_RESOURCE,936,2567,0
economy_debug_stage3_180,2,1,2139,107102,GO_RESOURCE,True,,RECOVER_FROM_FAILURE,936,2567,0
economy_debug_stage3_180,2,1,2145,107402,IDLE,True,no_target,SELECT_RESOURCE,936,2567,0
economy_debug_stage3_180,2,1,2151,107706,GO_RESOURCE,True,,MOVE_TO_RESOURCE,936,2567,0
economy_debug_stage3_180,2,1,2157,108006,GO_RESOURCE,True,,MOVE_TO_RESOURCE,936,2567,0
economy_debug_stage3_180,2,1,2163,108306,GO_RESOURCE,True,,MOVE_TO_RESOURCE,936,2567,0
economy_debug_stage3_180,2,1,2169,108606,GO_RESOURCE,True,,MOVE_TO_RESOURCE,936,2567,0
economy_debug_stage3_180,2,1,2175,108906,GO_RESOURCE,True,,MOVE_TO_RESOURCE,936,2567,0
economy_debug_stage3_180,2,1,2181,109206,GO_RESOURCE,True,,MOVE_TO_RESOURCE,936,2567,0
economy_debug_stage3_180,2,1,2187,109506,GO_RESOURCE,True,,MOVE_TO_RESOURCE,936,2567,0
economy_debug_stage3_180,2,1,2194,109854,GO_RESOURCE,True,,MOVE_TO_RESOURCE,936,2567,0
economy_debug_stage3_180,2,1,2200,110154,GO_RESOURCE,True,,MOVE_TO_RESOURCE,936,2567,0
economy_debug_stage3_180,2,1,2207,110506,GO_RESOURCE,True,,RECOVER_FROM_FAILURE,936,2567,0
economy_debug_stage3_180,2,1,2214,110854,IDLE,True,no_target,SELECT_RESOURCE,936,2567,0
economy_debug_stage3_180,2,1,2221,111206,GO_RESOURCE,True,,MOVE_TO_RESOURCE,936,2567,0
economy_debug_stage3_180,2,1,2228,111554,GO_RESOURCE,True,,MOVE_TO_RESOURCE,936,2567,0
economy_debug_stage3_180,2,1,2234,111854,GO_RESOURCE,True,,MOVE_TO_RESOURCE,936,2567,0
economy_debug_stage3_180,2,1,2241,112206,GO_RESOURCE,True,,MOVE_TO_RESOURCE,936,2567,0
economy_debug_stage3_180,2,1,2248,112554,GO_RESOURCE,True,,MOVE_TO_RESOURCE,936,2567,0
economy_debug_stage3_180,2,1,2254,112854,GO_RESOURCE,True,,MOVE_TO_RESOURCE,936,2567,0
economy_debug_stage3_180,2,1,2260,113154,GO_RESOURCE,True,,MOVE_TO_RESOURCE,936,2567,0
economy_debug_stage3_180,2,1,2266,113454,GO_RESOURCE,True,,MOVE_TO_RESOURCE,936,2567,0
economy_debug_stage3_180,2,1,2273,113802,GO_RESOURCE,True,,MOVE_TO_RESOURCE,936,2567,0
economy_debug_stage3_180,2,1,2279,114106,GO_RESOURCE,True,,RECOVER_FROM_FAILURE,936,2567,0
economy_debug_stage3_180,2,1,2286,114454,IDLE,True,no_target,SELECT_RESOURCE,936,2567,0
economy_debug_stage3_180,2,1,2292,114754,GO_RESOURCE,True,,MOVE_TO_RESOURCE,936,2567,0
economy_debug_stage3_180,2,1,2298,115054,GO_RESOURCE,True,,MOVE_TO_RESOURCE,936,2567,0
economy_debug_stage3_180,2,1,2305,115402,GO_RESOURCE,True,,MOVE_TO_RESOURCE,936,2567,0
economy_debug_stage3_180,2,1,2311,115706,GO_RESOURCE,True,,MOVE_TO_RESOURCE,936,2567,0
economy_debug_stage3_180,2,1,2318,116054,GO_RESOURCE,True,,MOVE_TO_RESOURCE,936,2567,0
economy_debug_stage3_180,2,1,2325,116406,GO_RESOURCE,True,,MOVE_TO_RESOURCE,936,2567,0
economy_debug_stage3_180,2,1,2332,116758,GO_RESOURCE,True,,MOVE_TO_RESOURCE,936,2567,0
economy_debug_stage3_180,2,1,2339,117102,GO_RESOURCE,True,,MOVE_TO_RESOURCE,936,2567,0
economy_debug_stage3_180,2,1,2345,117406,GO_RESOURCE,True,,MOVE_TO_RESOURCE,936,2567,0
economy_debug_stage3_180,2,1,2352,117758,GO_RESOURCE,True,,RECOVER_FROM_FAILURE,936,2567,0
economy_debug_stage3_180,2,1,2359,118102,IDLE,True,no_target,SELECT_RESOURCE,936,2567,0
economy_debug_stage3_180,2,1,2365,118406,GO_RESOURCE,True,,MOVE_TO_RESOURCE,936,2567,0
economy_debug_stage3_180,2,1,2372,118755,GO_RESOURCE,True,,MOVE_TO_RESOURCE,936,2567,0
economy_debug_stage3_180,2,1,2378,119055,GO_RESOURCE,True,,MOVE_TO_RESOURCE,936,2567,0
economy_debug_stage3_180,2,1,2384,119355,GO_RESOURCE,True,,MOVE_TO_RESOURCE,936,2567,0
economy_debug_stage3_180,2,1,2390,119655,GO_RESOURCE,True,,MOVE_TO_RESOURCE,936,2567,0
economy_debug_stage3_180,2,1,2397,120003,GO_RESOURCE,True,,MOVE_TO_RESOURCE,936,2567,0
economy_debug_stage3_180,2,1,2403,120303,GO_RESOURCE,True,,MOVE_TO_RESOURCE,936,2567,0
economy_debug_stage3_180,2,1,2409,120607,GO_RESOURCE,True,,MOVE_TO_RESOURCE,936,2567,0
economy_debug_stage3_180,2,1,2416,120955,GO_RESOURCE,True,,MOVE_TO_RESOURCE,936,2567,0
economy_debug_stage3_180,2,1,2422,121255,GO_RESOURCE,True,,RECOVER_FROM_FAILURE,936,2567,0
economy_debug_stage3_180,2,1,2428,121555,IDLE,True,no_target,SELECT_RESOURCE,936,2567,0
economy_debug_stage3_180,2,1,2435,121907,GO_RESOURCE,True,,MOVE_TO_RESOURCE,936,2567,0
economy_debug_stage3_180,2,1,2442,122255,GO_RESOURCE,True,,MOVE_TO_RESOURCE,936,2567,0
economy_debug_stage3_180,2,1,2448,122555,GO_RESOURCE,True,,MOVE_TO_RESOURCE,936,2567,0
economy_debug_stage3_180,2,1,2455,122907,GO_RESOURCE,True,,MOVE_TO_RESOURCE,936,2567,0
economy_debug_stage3_180,2,1,2462,123255,GO_RESOURCE,True,,MOVE_TO_RESOURCE,936,2567,0
economy_debug_stage3_180,2,1,2468,123555,GO_RESOURCE,True,,MOVE_TO_RESOURCE,936,2567,0
economy_debug_stage3_180,2,1,2475,123907,GO_RESOURCE,True,,MOVE_TO_RESOURCE,936,2567,0
economy_debug_stage3_180,2,1,2482,124255,GO_RESOURCE,True,,MOVE_TO_RESOURCE,936,2567,0
economy_debug_stage3_180,2,1,2488,124555,GO_RESOURCE,True,,MOVE_TO_RESOURCE,936,2567,0
economy_debug_stage3_180,2,1,2494,124855,GO_RESOURCE,True,,RECOVER_FROM_FAILURE,936,2567,0
economy_debug_stage3_180,2,1,2500,125155,IDLE,True,no_target,SELECT_RESOURCE,936,2567,0
economy_debug_stage3_180,2,1,2506,125455,GO_RESOURCE,True,,MOVE_TO_RESOURCE,936,2567,0
economy_debug_stage3_180,2,1,2513,125807,GO_RESOURCE,True,,MOVE_TO_RESOURCE,936,2567,0
economy_debug_stage3_180,2,1,2519,126107,GO_RESOURCE,True,,MOVE_TO_RESOURCE,936,2567,0
economy_debug_stage3_180,2,1,2525,126407,GO_RESOURCE,True,,MOVE_TO_RESOURCE,936,2567,0
economy_debug_stage3_180,2,1,2531,126707,GO_RESOURCE,True,,MOVE_TO_RESOURCE,936,2567,0
economy_debug_stage3_180,2,1,2537,127007,GO_RESOURCE,True,,MOVE_TO_RESOURCE,936,2567,0
economy_debug_stage3_180,2,1,2544,127355,GO_RESOURCE,True,,MOVE_TO_RESOURCE,936,2567,0
economy_debug_stage3_180,2,1,2550,127655,GO_RESOURCE,True,,MOVE_TO_RESOURCE,936,2567,0
economy_debug_stage3_180,2,1,2556,127955,GO_RESOURCE,True,,MOVE_TO_RESOURCE,936,2567,0
economy_debug_stage3_180,2,1,2562,128255,GO_RESOURCE,True,,RECOVER_FROM_FAILURE,936,2567,0
economy_debug_stage3_180,2,1,2569,128607,IDLE,True,no_target,SELECT_RESOURCE,936,2567,0
economy_debug_stage3_180,2,1,2575,128907,GO_RESOURCE,True,,MOVE_TO_RESOURCE,936,2567,0
economy_debug_stage3_180,2,1,2581,129207,GO_RESOURCE,True,,MOVE_TO_RESOURCE,936,2567,0
economy_debug_stage3_180,2,1,2587,129507,GO_RESOURCE,True,,MOVE_TO_RESOURCE,936,2567,0
economy_debug_stage3_180,2,1,2594,129855,GO_RESOURCE,True,,MOVE_TO_RESOURCE,936,2567,0
economy_debug_stage3_180,2,1,2601,130203,GO_RESOURCE,True,,MOVE_TO_RESOURCE,936,2567,0
economy_debug_stage3_180,2,1,2607,130507,GO_RESOURCE,True,,MOVE_TO_RESOURCE,936,2567,0
economy_debug_stage3_180,2,1,2613,130807,GO_RESOURCE,True,,MOVE_TO_RESOURCE,936,2567,0
economy_debug_stage3_180,2,1,2620,131155,GO_RESOURCE,True,,MOVE_TO_RESOURCE,936,2567,0
economy_debug_stage3_180,2,1,2626,131455,GO_RESOURCE,True,,MOVE_TO_RESOURCE,936,2567,0
economy_debug_stage3_180,2,1,2632,131755,GO_RESOURCE,True,,RECOVER_FROM_FAILURE,936,2567,0
economy_debug_stage3_180,2,1,2639,132107,IDLE,True,no_target,SELECT_RESOURCE,936,2567,0
economy_debug_stage3_180,2,1,2646,132455,GO_RESOURCE,True,,MOVE_TO_RESOURCE,936,2567,0
economy_debug_stage3_180,2,1,2653,132807,GO_RESOURCE,True,,MOVE_TO_RESOURCE,936,2567,0
economy_debug_stage3_180,2,1,2660,133155,GO_RESOURCE,True,,MOVE_TO_RESOURCE,936,2567,0
economy_debug_stage3_180,2,1,2667,133503,GO_RESOURCE,True,,MOVE_TO_RESOURCE,936,2567,0
economy_debug_stage3_180,2,1,2673,133807,GO_RESOURCE,True,,MOVE_TO_RESOURCE,936,2567,0
economy_debug_stage3_180,2,1,2680,134155,GO_RESOURCE,True,,MOVE_TO_RESOURCE,936,2567,0
economy_debug_stage3_180,2,1,2687,134507,GO_RESOURCE,True,,MOVE_TO_RESOURCE,936,2567,0
economy_debug_stage3_180,2,1,2694,134855,GO_RESOURCE,True,,MOVE_TO_RESOURCE,936,2567,0
economy_debug_stage3_180,2,1,2701,135207,GO_RESOURCE,True,,MOVE_TO_RESOURCE,936,2567,0
economy_debug_stage3_180,2,1,2707,135507,GO_RESOURCE,True,,RECOVER_FROM_FAILURE,936,2567,0
economy_debug_stage3_180,2,1,2714,135855,IDLE,True,no_target,SELECT_RESOURCE,936,2567,0
economy_debug_stage3_180,2,1,2720,136155,GO_RESOURCE,True,,MOVE_TO_RESOURCE,936,2567,0
economy_debug_stage3_180,2,1,2726,136455,GO_RESOURCE,True,,MOVE_TO_RESOURCE,936,2567,0
economy_debug_stage3_180,2,1,2733,136807,GO_RESOURCE,True,,MOVE_TO_RESOURCE,936,2567,0
economy_debug_stage3_180,2,1,2740,137151,GO_RESOURCE,True,,MOVE_TO_RESOURCE,936,2567,0
economy_debug_stage3_180,2,1,2746,137455,GO_RESOURCE,True,,MOVE_TO_RESOURCE,936,2567,0
economy_debug_stage3_180,2,1,2752,137755,GO_RESOURCE,True,,MOVE_TO_RESOURCE,936,2567,0
economy_debug_stage3_180,2,1,2759,138107,GO_RESOURCE,True,,MOVE_TO_RESOURCE,936,2567,0
economy_debug_stage3_180,2,1,2765,138407,GO_RESOURCE,True,,MOVE_TO_RESOURCE,936,2567,0
economy_debug_stage3_180,2,1,2772,138755,GO_RESOURCE,True,,MOVE_TO_RESOURCE,936,2567,0
economy_debug_stage3_180,2,1,2778,139055,GO_RESOURCE,True,,RECOVER_FROM_FAILURE,936,2567,0
economy_debug_stage3_180,2,1,2784,139355,IDLE,True,no_target,SELECT_RESOURCE,936,2567,0
economy_debug_stage3_180,2,1,2791,139703,GO_RESOURCE,True,,MOVE_TO_RESOURCE,936,2567,0
economy_debug_stage3_180,2,1,2797,140007,GO_RESOURCE,True,,MOVE_TO_RESOURCE,936,2567,0
economy_debug_stage3_180,2,1,2803,140304,GO_RESOURCE,True,,MOVE_TO_RESOURCE,936,2567,0
economy_debug_stage3_180,2,1,2810,140652,GO_RESOURCE,True,,MOVE_TO_RESOURCE,936,2567,0
economy_debug_stage3_180,2,1,2816,140956,GO_RESOURCE,True,,MOVE_TO_RESOURCE,936,2567,0
economy_debug_stage3_180,2,1,2823,141304,GO_RESOURCE,True,,MOVE_TO_RESOURCE,936,2567,0
economy_debug_stage3_180,2,1,2830,141656,GO_RESOURCE,True,,MOVE_TO_RESOURCE,936,2567,0
economy_debug_stage3_180,2,1,2837,142004,GO_RESOURCE,True,,MOVE_TO_RESOURCE,936,2567,0
economy_debug_stage3_180,2,1,2843,142304,GO_RESOURCE,True,,MOVE_TO_RESOURCE,936,2567,0
economy_debug_stage3_180,2,1,2850,142652,GO_RESOURCE,True,,RECOVER_FROM_FAILURE,936,2567,0
economy_debug_stage3_180,2,1,2856,142956,IDLE,True,no_target,SELECT_RESOURCE,936,2567,0
economy_debug_stage3_180,2,1,2863,143304,GO_RESOURCE,True,,MOVE_TO_RESOURCE,936,2567,0
economy_debug_stage3_180,2,1,2869,143608,GO_RESOURCE,True,,MOVE_TO_RESOURCE,936,2567,0
economy_debug_stage3_180,2,1,2876,143952,GO_RESOURCE,True,,MOVE_TO_RESOURCE,936,2567,0
economy_debug_stage3_180,2,1,2882,144256,GO_RESOURCE,True,,MOVE_TO_RESOURCE,936,2567,0
economy_debug_stage3_180,2,1,2889,144604,GO_RESOURCE,True,,MOVE_TO_RESOURCE,936,2567,0
economy_debug_stage3_180,2,1,2896,144952,GO_RESOURCE,True,,MOVE_TO_RESOURCE,936,2567,0
economy_debug_stage3_180,2,1,2902,145256,GO_RESOURCE,True,,MOVE_TO_RESOURCE,936,2567,0
economy_debug_stage3_180,2,1,2908,145556,GO_RESOURCE,True,,MOVE_TO_RESOURCE,936,2567,0
economy_debug_stage3_180,2,1,2915,145904,GO_RESOURCE,True,,MOVE_TO_RESOURCE,936,2567,0
economy_debug_stage3_180,2,1,2922,146252,GO_RESOURCE,True,,RECOVER_FROM_FAILURE,936,2567,0
economy_debug_stage3_180,2,1,2928,146556,IDLE,True,no_target,SELECT_RESOURCE,936,2567,0
economy_debug_stage3_180,2,1,2935,146904,GO_RESOURCE,True,,MOVE_TO_RESOURCE,936,2567,0
economy_debug_stage3_180,2,1,2942,147256,GO_RESOURCE,True,,MOVE_TO_RESOURCE,936,2567,0
economy_debug_stage3_180,2,1,2949,147604,GO_RESOURCE,True,,MOVE_TO_RESOURCE,936,2567,0
economy_debug_stage3_180,2,1,2956,147952,GO_RESOURCE,True,,MOVE_TO_RESOURCE,936,2567,0
economy_debug_stage3_180,2,1,2962,148256,GO_RESOURCE,True,,MOVE_TO_RESOURCE,936,2567,0
economy_debug_stage3_180,2,1,2969,148604,GO_RESOURCE,True,,MOVE_TO_RESOURCE,936,2567,0
economy_debug_stage3_180,2,1,2976,148952,GO_RESOURCE,True,,MOVE_TO_RESOURCE,936,2567,0
economy_debug_stage3_180,2,1,2982,149256,GO_RESOURCE,True,,MOVE_TO_RESOURCE,936,2567,0
economy_debug_stage3_180,2,1,2989,149604,GO_RESOURCE,True,,MOVE_TO_RESOURCE,936,2567,0
economy_debug_stage3_180,2,1,2996,149956,GO_RESOURCE,True,,RECOVER_FROM_FAILURE,936,2567,0
economy_debug_stage3_180,2,1,3003,150304,IDLE,True,no_target,SELECT_RESOURCE,936,2567,0
economy_debug_stage3_180,2,1,3010,150656,GO_RESOURCE,True,,MOVE_TO_RESOURCE,936,2567,0
economy_debug_stage3_180,2,1,3017,151004,GO_RESOURCE,True,,MOVE_TO_RESOURCE,936,2567,0
economy_debug_stage3_180,2,1,3024,151352,GO_RESOURCE,True,,MOVE_TO_RESOURCE,936,2567,0
economy_debug_stage3_180,2,1,3030,151652,GO_RESOURCE,True,,MOVE_TO_RESOURCE,936,2567,0
economy_debug_stage3_180,2,1,3036,151956,GO_RESOURCE,True,,MOVE_TO_RESOURCE,936,2567,0
economy_debug_stage3_180,2,1,3043,152304,GO_RESOURCE,True,,MOVE_TO_RESOURCE,936,2567,0
economy_debug_stage3_180,2,1,3050,152656,GO_RESOURCE,True,,MOVE_TO_RESOURCE,936,2567,0
economy_debug_stage3_180,2,1,3057,153004,GO_RESOURCE,True,,MOVE_TO_RESOURCE,936,2567,0
economy_debug_stage3_180,2,1,3063,153304,GO_RESOURCE,True,,MOVE_TO_RESOURCE,936,2567,0
economy_debug_stage3_180,2,1,3070,153656,GO_RESOURCE,True,,RECOVER_FROM_FAILURE,936,2567,0
economy_debug_stage3_180,2,1,3077,154004,IDLE,True,no_target,SELECT_RESOURCE,936,2567,0
economy_debug_stage3_180,2,1,3084,154356,GO_RESOURCE,True,,MOVE_TO_RESOURCE,936,2567,0
economy_debug_stage3_180,2,1,3091,154704,GO_RESOURCE,True,,MOVE_TO_RESOURCE,936,2567,0
economy_debug_stage3_180,2,1,3098,155056,GO_RESOURCE,True,,MOVE_TO_RESOURCE,936,2567,0
economy_debug_stage3_180,2,1,3105,155404,GO_RESOURCE,True,,MOVE_TO_RESOURCE,936,2567,0
economy_debug_stage3_180,2,1,3112,155752,GO_RESOURCE,True,,MOVE_TO_RESOURCE,936,2567,0
economy_debug_stage3_180,2,1,3118,156056,GO_RESOURCE,True,,MOVE_TO_RESOURCE,936,2567,0
economy_debug_stage3_180,2,1,3125,156404,GO_RESOURCE,True,,MOVE_TO_RESOURCE,936,2567,0
economy_debug_stage3_180,2,1,3132,156752,GO_RESOURCE,True,,MOVE_TO_RESOURCE,936,2567,0
economy_debug_stage3_180,2,1,3138,157056,GO_RESOURCE,True,,MOVE_TO_RESOURCE,936,2567,0
economy_debug_stage3_180,2,1,3145,157404,GO_RESOURCE,True,,RECOVER_FROM_FAILURE,936,2567,0
economy_debug_stage3_180,2,1,3152,157752,IDLE,True,no_target,SELECT_RESOURCE,936,2567,0
economy_debug_stage3_180,2,1,3158,158056,GO_RESOURCE,True,,MOVE_TO_RESOURCE,936,2567,0
economy_debug_stage3_180,2,1,3165,158404,GO_RESOURCE,True,,MOVE_TO_RESOURCE,936,2567,0
economy_debug_stage3_180,2,1,3172,158756,GO_RESOURCE,True,,MOVE_TO_RESOURCE,936,2567,0
economy_debug_stage3_180,2,1,3179,159104,GO_RESOURCE,True,,MOVE_TO_RESOURCE,936,2567,0
economy_debug_stage3_180,2,1,3186,159456,GO_RESOURCE,True,,MOVE_TO_RESOURCE,936,2567,0
economy_debug_stage3_180,2,1,3193,159804,GO_RESOURCE,True,,MOVE_TO_RESOURCE,936,2567,0
economy_debug_stage3_180,2,1,3200,160152,GO_RESOURCE,True,,MOVE_TO_RESOURCE,936,2567,0
economy_debug_stage3_180,2,1,3206,160452,GO_RESOURCE,True,,MOVE_TO_RESOURCE,936,2567,0
economy_debug_stage3_180,2,1,3212,160756,GO_RESOURCE,True,,MOVE_TO_RESOURCE,936,2567,0
economy_debug_stage3_180,2,1,3219,161108,GO_RESOURCE,True,,RECOVER_FROM_FAILURE,936,2567,0
economy_debug_stage3_180,2,1,3225,161408,IDLE,True,no_target,SELECT_RESOURCE,936,2567,0
economy_debug_stage3_180,2,1,3232,161756,GO_RESOURCE,True,,MOVE_TO_RESOURCE,936,2567,0
economy_debug_stage3_180,2,1,3238,162056,GO_RESOURCE,True,,MOVE_TO_RESOURCE,936,2567,0
economy_debug_stage3_180,2,1,3245,162405,GO_RESOURCE,True,,MOVE_TO_RESOURCE,936,2567,0
economy_debug_stage3_180,2,1,3252,162757,GO_RESOURCE,True,,MOVE_TO_RESOURCE,936,2567,0
economy_debug_stage3_180,2,1,3258,163057,GO_RESOURCE,True,,MOVE_TO_RESOURCE,936,2567,0
economy_debug_stage3_180,2,1,3265,163405,GO_RESOURCE,True,,MOVE_TO_RESOURCE,936,2567,0
economy_debug_stage3_180,2,1,3271,163705,GO_RESOURCE,True,,MOVE_TO_RESOURCE,936,2567,0
economy_debug_stage3_180,2,1,3278,164057,GO_RESOURCE,True,,MOVE_TO_RESOURCE,936,2567,0
economy_debug_stage3_180,2,1,3285,164405,GO_RESOURCE,True,,MOVE_TO_RESOURCE,936,2567,0
economy_debug_stage3_180,2,1,3291,164705,GO_RESOURCE,True,,RECOVER_FROM_FAILURE,936,2567,0
economy_debug_stage3_180,2,1,3297,165005,IDLE,True,no_target,SELECT_RESOURCE,936,2567,0
economy_debug_stage3_180,2,1,3304,165357,GO_RESOURCE,True,,MOVE_TO_RESOURCE,936,2567,0
economy_debug_stage3_180,2,1,3311,165705,GO_RESOURCE,True,,MOVE_TO_RESOURCE,936,2567,0
economy_debug_stage3_180,2,1,3317,166005,GO_RESOURCE,True,,MOVE_TO_RESOURCE,936,2567,0
economy_debug_stage3_180,2,1,3323,166305,GO_RESOURCE,True,,MOVE_TO_RESOURCE,936,2567,0
economy_debug_stage3_180,2,1,3329,166605,GO_RESOURCE,True,,MOVE_TO_RESOURCE,936,2567,0
economy_debug_stage3_180,2,1,3336,166957,GO_RESOURCE,True,,MOVE_TO_RESOURCE,936,2567,0
economy_debug_stage3_180,2,1,3342,167253,GO_RESOURCE,True,,MOVE_TO_RESOURCE,936,2567,0
economy_debug_stage3_180,2,1,3349,167605,GO_RESOURCE,True,,MOVE_TO_RESOURCE,936,2567,0
economy_debug_stage3_180,2,1,3356,167953,GO_RESOURCE,True,,MOVE_TO_RESOURCE,936,2567,0
economy_debug_stage3_180,2,1,3362,168257,GO_RESOURCE,True,,RECOVER_FROM_FAILURE,936,2567,0
economy_debug_stage3_180,2,1,3369,168601,IDLE,True,no_target,SELECT_RESOURCE,936,2567,0
economy_debug_stage3_180,2,1,3375,168905,GO_RESOURCE,True,,MOVE_TO_RESOURCE,936,2567,0
economy_debug_stage3_180,2,1,3381,169205,GO_RESOURCE,True,,MOVE_TO_RESOURCE,936,2567,0
economy_debug_stage3_180,2,1,3388,169557,GO_RESOURCE,True,,MOVE_TO_RESOURCE,936,2567,0
economy_debug_stage3_180,2,1,3395,169905,GO_RESOURCE,True,,MOVE_TO_RESOURCE,936,2567,0
economy_debug_stage3_180,2,1,3401,170205,GO_RESOURCE,True,,MOVE_TO_RESOURCE,936,2567,0
economy_debug_stage3_180,2,1,3407,170505,GO_RESOURCE,True,,MOVE_TO_RESOURCE,936,2567,0
economy_debug_stage3_180,2,1,3414,170857,GO_RESOURCE,True,,MOVE_TO_RESOURCE,936,2567,0
economy_debug_stage3_180,2,1,3421,171205,GO_RESOURCE,True,,MOVE_TO_RESOURCE,936,2567,0
economy_debug_stage3_180,2,1,3427,171505,GO_RESOURCE,True,,MOVE_TO_RESOURCE,936,2567,0
economy_debug_stage3_180,2,1,3434,171857,GO_RESOURCE,True,,RECOVER_FROM_FAILURE,936,2567,0
economy_debug_stage3_180,2,1,3441,172205,IDLE,True,no_target,SELECT_RESOURCE,936,2567,0
economy_debug_stage3_180,2,1,3447,172505,GO_RESOURCE,True,,MOVE_TO_RESOURCE,936,2567,0
economy_debug_stage3_180,2,1,3454,172853,GO_RESOURCE,True,,MOVE_TO_RESOURCE,936,2567,0
economy_debug_stage3_180,2,1,3460,173157,GO_RESOURCE,True,,MOVE_TO_RESOURCE,936,2567,0
economy_debug_stage3_180,2,1,3467,173505,GO_RESOURCE,True,,MOVE_TO_RESOURCE,936,2567,0
economy_debug_stage3_180,2,1,3473,173805,GO_RESOURCE,True,,MOVE_TO_RESOURCE,936,2567,0
economy_debug_stage3_180,2,1,3480,174157,GO_RESOURCE,True,,MOVE_TO_RESOURCE,936,2567,0
economy_debug_stage3_180,2,1,3487,174505,GO_RESOURCE,True,,MOVE_TO_RESOURCE,936,2567,0
economy_debug_stage3_180,2,1,3493,174805,GO_RESOURCE,True,,MOVE_TO_RESOURCE,936,2567,0
economy_debug_stage3_180,2,1,3500,175157,GO_RESOURCE,True,,MOVE_TO_RESOURCE,936,2567,0
economy_debug_stage3_180,2,1,3507,175505,GO_RESOURCE,True,,RECOVER_FROM_FAILURE,936,2567,0
economy_debug_stage3_180,2,1,3514,175853,IDLE,True,no_target,SELECT_RESOURCE,936,2567,0
economy_debug_stage3_180,2,1,3520,176157,GO_RESOURCE,True,,MOVE_TO_RESOURCE,936,2567,0
economy_debug_stage3_180,2,1,3527,176505,GO_RESOURCE,True,,MOVE_TO_RESOURCE,936,2567,0
economy_debug_stage3_180,2,1,3533,176805,GO_RESOURCE,True,,MOVE_TO_RESOURCE,936,2567,0
economy_debug_stage3_180,2,1,3539,177105,GO_RESOURCE,True,,MOVE_TO_RESOURCE,936,2567,0
economy_debug_stage3_180,2,1,3546,177457,GO_RESOURCE,True,,MOVE_TO_RESOURCE,936,2567,0
economy_debug_stage3_180,2,1,3552,177757,GO_RESOURCE,True,,MOVE_TO_RESOURCE,936,2567,0
economy_debug_stage3_180,2,1,3559,178105,GO_RESOURCE,True,,MOVE_TO_RESOURCE,936,2567,0
economy_debug_stage3_180,2,1,3565,178405,GO_RESOURCE,True,,MOVE_TO_RESOURCE,936,2567,0
economy_debug_stage3_180,2,1,3571,178705,GO_RESOURCE,True,,MOVE_TO_RESOURCE,936,2567,0
economy_debug_stage3_180,2,1,3577,179005,GO_RESOURCE,True,,RECOVER_FROM_FAILURE,936,2567,0
economy_debug_stage3_180,2,1,3584,179357,IDLE,True,no_target,SELECT_RESOURCE,936,2567,0
economy_debug_stage3_180,2,1,3590,179657,GO_RESOURCE,True,,MOVE_TO_RESOURCE,936,2567,0
economy_debug_stage3_180,2,1,-1,179905,GO_RESOURCE,False,,MOVE_TO_RESOURCE,936,2567,0
economy_debug_stage3_180,2,2,1,160296,GO_CENTER,True,,,936,2567,0
economy_debug_stage3_180,2,2,8,160604,GO_RESOURCE,True,,,936,2567,0
economy_debug_stage3_180,2,2,15,160952,GO_FACTORY,True,,,936,2567,0
economy_debug_stage3_180,2,2,21,161252,GO_FACTORY,True,,,936,2567,0
economy_debug_stage3_180,2,2,27,161552,GO_FACTORY,True,,,936,2567,0
economy_debug_stage3_180,2,2,33,161856,GO_FACTORY,True,,,936,2567,0
economy_debug_stage3_180,2,2,39,162156,IDLE,True,no_target,,936,2567,0
economy_debug_stage3_180,2,2,46,162505,IDLE,True,no_target,,936,2567,0
economy_debug_stage3_180,2,2,52,162805,GO_FACTORY,True,,,936,2567,0
economy_debug_stage3_180,2,2,58,163105,RETREAT,True,,,936,2567,0
economy_debug_stage3_180,2,2,65,163457,PRESSURE_ENEMY_FACTORY,True,,,936,2567,0
economy_debug_stage3_180,2,2,72,163805,GO_ENEMY,True,,,936,2567,0
economy_debug_stage3_180,2,2,78,164105,GO_CENTER,True,,,936,2567,0
economy_debug_stage3_180,2,2,85,164457,IDLE,True,no_target,,936,2567,0
economy_debug_stage3_180,2,2,91,164757,GO_RESOURCE,True,,,936,2567,0
economy_debug_stage3_180,2,2,98,165105,GO_ENEMY,True,,,936,2567,0
economy_debug_stage3_180,2,2,104,165405,IDLE,True,no_target,,936,2567,0
economy_debug_stage3_180,2,2,111,165753,IDLE,True,no_target,,936,2567,0
economy_debug_stage3_180,2,2,117,166057,GO_ENEMY,True,,,936,2567,0
economy_debug_stage3_180,2,2,124,166405,IDLE,True,no_target,,936,2567,0
economy_debug_stage3_180,2,2,131,166757,PRESSURE_ENEMY_FACTORY,True,,,936,2567,0
economy_debug_stage3_180,2,2,138,167105,GO_ENEMY,True,,,936,2567,0
economy_debug_stage3_180,2,2,145,167453,RETREAT,True,,,936,2567,0
economy_debug_stage3_180,2,2,151,167757,GO_CENTER,True,,,936,2567,0
economy_debug_stage3_180,2,2,158,168105,IDLE,True,no_target,,936,2567,0
economy_debug_stage3_180,2,2,164,168405,IDLE,True,no_target,,936,2567,0
economy_debug_stage3_180,2,2,171,168757,GO_RESOURCE,True,,,936,2567,0
economy_debug_stage3_180,2,2,178,169105,GO_ENEMY,True,,,936,2567,0
economy_debug_stage3_180,2,2,184,169405,GO_RESOURCE,True,,,936,2567,0
economy_debug_stage3_180,2,2,191,169757,PRESSURE_ENEMY_FACTORY,True,,,936,2567,0
economy_debug_stage3_180,2,2,198,170105,GO_CENTER,True,,,936,2567,0
economy_debug_stage3_180,2,2,204,170405,GO_FACTORY,True,,,936,2567,0
economy_debug_stage3_180,2,2,210,170705,GO_ENEMY,True,,,936,2567,0
economy_debug_stage3_180,2,2,217,171057,PRESSURE_ENEMY_FACTORY,True,,,936,2567,0
economy_debug_stage3_180,2,2,224,171405,GO_FACTORY,True,,,936,2567,0
economy_debug_stage3_180,2,2,230,171705,RETREAT,True,,,936,2567,0
economy_debug_stage3_180,2,2,237,172057,GO_ENEMY,True,,,936,2567,0
economy_debug_stage3_180,2,2,244,172405,PRESSURE_ENEMY_FACTORY,True,,,936,2567,0
economy_debug_stage3_180,2,2,250,172705,GO_RESOURCE,True,,,936,2567,0
economy_debug_stage3_180,2,2,257,173053,GO_FACTORY,True,,,936,2567,0
economy_debug_stage3_180,2,2,263,173357,GO_FACTORY,True,,,936,2567,0
economy_debug_stage3_180,2,2,270,173705,GO_RESOURCE,True,,,936,2567,0
economy_debug_stage3_180,2,2,276,174005,GO_CENTER,True,,,936,2567,0
economy_debug_stage3_180,2,2,283,174357,GO_RESOURCE,True,,,936,2567,0
economy_debug_stage3_180,2,2,290,174705,GO_ENEMY,True,,,936,2567,0
economy_debug_stage3_180,2,2,296,175005,PRESSURE_ENEMY_FACTORY,True,,,936,2567,0
economy_debug_stage3_180,2,2,302,175305,RETREAT,True,,,936,2567,0
economy_debug_stage3_180,2,2,308,175609,IDLE,True,no_target,,936,2567,0
economy_debug_stage3_180,2,2,315,175957,GO_ENEMY,True,,,936,2567,0
economy_debug_stage3_180,2,2,322,176305,GO_CENTER,True,,,936,2567,0
economy_debug_stage3_180,2,2,328,176605,GO_FACTORY,True,,,936,2567,0
economy_debug_stage3_180,2,2,335,176953,IDLE,True,no_target,,936,2567,0
economy_debug_stage3_180,2,2,341,177257,GO_CENTER,True,,,936,2567,0
economy_debug_stage3_180,2,2,348,177605,GO_ENEMY,True,,,936,2567,0
economy_debug_stage3_180,2,2,354,177905,GO_FACTORY,True,,,936,2567,0
economy_debug_stage3_180,2,2,360,178205,RETREAT,True,,,936,2567,0
economy_debug_stage3_180,2,2,366,178505,RETREAT,True,,,936,2567,0
economy_debug_stage3_180,2,2,373,178853,IDLE,True,no_target,,936,2567,0
economy_debug_stage3_180,2,2,379,179157,RETREAT,True,,,936,2567,0
economy_debug_stage3_180,2,2,386,179505,GO_FACTORY,True,,,936,2567,0
economy_debug_stage3_180,2,2,392,179805,IDLE,True,no_target,,936,2567,0
